OverallQual,TotalBsmtSF,GrLivArea,MSZoning,Utilities,Neighborhood,GarageType,HouseStyle,SalePrice
7,856,1710,RL,AllPub,CollgCr,Attchd,2Story,208500
6,1262,1262,RL,AllPub,Veenker,Attchd,1Story,181500
7,920,1786,RL,AllPub,CollgCr,Attchd,2Story,223500
7,756,1717,RL,AllPub,Crawfor,Detchd,2Story,140000
8,1145,2198,RL,AllPub,NoRidge,Attchd,2Story,250000
5,796,1362,RL,AllPub,Mitchel,Attchd,1.5Fin,143000
8,1686,1694,RL,AllPub,Somerst,Attchd,1Story,307000
7,1107,2090,RL,AllPub,NWAmes,Attchd,2Story,200000
7,952,1774,RM,AllPub,OldTown,Detchd,1.5Fin,129900
5,991,1077,RL,AllPub,BrkSide,Attchd,1.5Unf,118000
5,1040,1040,RL,AllPub,Sawyer,Detchd,1Story,129500
9,1175,2324,RL,AllPub,NridgHt,BuiltIn,2Story,345000
5,912,912,RL,AllPub,Sawyer,Detchd,1Story,144000
7,1494,1494,RL,AllPub,CollgCr,Attchd,1Story,279500
6,1253,1253,RL,AllPub,NAmes,Attchd,1Story,157000
7,832,854,RM,AllPub,BrkSide,Detchd,1.5Unf,132000
6,1004,1004,RL,AllPub,NAmes,Attchd,1Story,149000
4,0,1296,RL,AllPub,Sawyer,CarPort,1Story,90000
5,1114,1114,RL,AllPub,SawyerW,Detchd,1Story,159000
5,1029,1339,RL,AllPub,NAmes,Attchd,1Story,139000
8,1158,2376,RL,AllPub,NridgHt,BuiltIn,2Story,325300
7,637,1108,RM,AllPub,IDOTRR,Attchd,1.5Unf,139400
8,1777,1795,RL,AllPub,CollgCr,Attchd,1Story,230000
5,1040,1060,RM,AllPub,MeadowV,Attchd,1Story,129900
5,1060,1060,RL,AllPub,Sawyer,Attchd,1Story,154000
8,1566,1600,RL,AllPub,NridgHt,Attchd,1Story,256300
5,900,900,RL,AllPub,NAmes,Detchd,1Story,134800
8,1704,1704,RL,AllPub,NridgHt,Attchd,1Story,306000
5,1484,1600,RL,AllPub,NAmes,Attchd,1Story,207500
4,520,520,RM,AllPub,BrkSide,Detchd,1Story,68500
4,649,1317,C (all),AllPub,IDOTRR,Detchd,2Story,40000
5,1228,1228,RL,AllPub,Sawyer,Attchd,1Story,149350
8,1234,1234,RL,AllPub,CollgCr,Attchd,1Story,179900
5,1398,1700,RL,AllPub,NAmes,Attchd,1Story,165500
9,1561,1561,RL,AllPub,NridgHt,Attchd,1Story,277500
8,1117,2452,RL,AllPub,NridgHt,BuiltIn,2Story,309000
5,1097,1097,RL,AllPub,CollgCr,Attchd,1Story,145000
5,1297,1297,RL,AllPub,NAmes,Attchd,1Story,153000
5,1057,1057,RL,AllPub,NAmes,Detchd,1Story,109000
4,0,1152,RL,AllPub,Edwards,NA,1Story,82000
6,1088,1324,RL,AllPub,NAmes,Attchd,1Story,160000
5,1350,1328,RL,AllPub,Timber,Attchd,1Story,170000
5,840,884,RL,AllPub,SawyerW,Attchd,SFoyer,144000
5,938,938,RL,AllPub,CollgCr,Detchd,1Story,130250
5,1150,1150,RL,AllPub,NAmes,Attchd,1Story,141000
9,1752,1752,RL,AllPub,NridgHt,Attchd,1Story,319900
7,1434,2149,RL,AllPub,Mitchel,Attchd,1.5Fin,239686
8,1656,1656,FV,AllPub,Somerst,Attchd,1Story,249700
4,736,1452,RM,AllPub,OldTown,NA,2Story,113000
5,955,955,RL,AllPub,Sawyer,Attchd,1Story,127000
6,794,1470,RL,AllPub,Gilbert,Attchd,2Story,177000
6,816,1176,RM,AllPub,BrkSide,Detchd,1.5Fin,114500
5,816,816,RM,AllPub,IDOTRR,CarPort,1Story,110000
9,1842,1842,RL,AllPub,Veenker,Attchd,1Story,385000
5,384,1360,RL,AllPub,NAmes,Detchd,SLvl,130000
6,1425,1425,RL,AllPub,NAmes,Attchd,1Story,180500
8,970,1739,FV,AllPub,Somerst,Attchd,2Story,172500
7,860,1720,RL,AllPub,CollgCr,Attchd,2Story,196500
10,1410,2945,RL,AllPub,StoneBr,BuiltIn,2Story,438780
5,780,780,RL,AllPub,CollgCr,Detchd,1Story,124900
6,1158,1158,RL,AllPub,SawyerW,Detchd,1Story,158000
5,530,1111,RM,AllPub,IDOTRR,Detchd,2.5Unf,101000
8,1370,1370,RL,AllPub,NridgHt,Attchd,1Story,202500
7,576,1710,RM,AllPub,OldTown,Detchd,2Story,140000
7,1057,2034,RL,AllPub,CollgCr,Attchd,2Story,219500
8,1143,2473,RL,AllPub,NridgHt,BuiltIn,2Story,317000
7,1947,2207,RL,AllPub,NAmes,Attchd,1Story,180000
7,1453,1479,RL,AllPub,CollgCr,Attchd,1Story,226000
4,747,747,RM,AllPub,OldTown,Attchd,1Story,80000
7,1304,2287,RL,AllPub,ClearCr,Attchd,1.5Fin,225000
7,2223,2223,RL,AllPub,NAmes,Attchd,1Story,244000
4,845,845,RL,AllPub,Mitchel,Detchd,1Story,129500
7,832,1718,RL,AllPub,Gilbert,Attchd,2Story,185000
5,1086,1086,RL,AllPub,NAmes,Attchd,1Story,144900
3,840,1605,RM,AllPub,OldTown,Detchd,2Story,107400
4,462,988,RM,AllPub,MeadowV,BuiltIn,SLvl,91000
4,952,952,RL,AllPub,NAmes,Detchd,1Story,135750
5,672,1285,RM,AllPub,BrkSide,Detchd,1.5Fin,127000
4,1768,1768,RL,AllPub,Sawyer,NA,1Story,136500
5,440,1230,RM,AllPub,OldTown,Detchd,2Story,110000
6,896,2142,RL,AllPub,NAmes,Attchd,2Story,193500
6,1237,1337,RM,AllPub,Mitchel,Attchd,1Story,153500
8,1563,1563,RL,AllPub,Somerst,Attchd,1Story,245000
5,1065,1065,RL,AllPub,NAmes,Detchd,1Story,126500
7,384,1474,RL,AllPub,Gilbert,BuiltIn,SLvl,168500
8,1288,2417,RL,AllPub,NoRidge,Attchd,2Story,260000
6,684,1560,RL,AllPub,Gilbert,BuiltIn,2Story,174000
6,612,1224,FV,AllPub,Somerst,Detchd,2Story,164500
3,1013,1526,C (all),AllPub,IDOTRR,NA,1.5Fin,85000
4,990,990,RL,AllPub,CollgCr,NA,1Story,123600
4,0,1040,RL,AllPub,NAmes,Detchd,1Story,109900
5,1235,1235,RL,AllPub,NAmes,Attchd,1Story,98600
5,876,964,RL,AllPub,Crawfor,Detchd,1Story,163500
6,1214,2291,C (all),AllPub,OldTown,Detchd,2.5Unf,133900
6,824,1786,RL,AllPub,CollgCr,Attchd,2Story,204750
6,680,1470,RL,AllPub,Gilbert,BuiltIn,2Story,185000
7,1588,1588,RL,AllPub,CollgCr,Attchd,1Story,214000
4,960,960,RL,AllPub,Edwards,Attchd,1Story,94750
5,458,835,RL,AllPub,Edwards,Basment,1Story,83000
4,950,1225,RL,AllPub,NAmes,NA,1Story,128950
6,1610,1610,RL,AllPub,NWAmes,Attchd,1Story,205000
6,741,1732,RL,AllPub,SawyerW,Attchd,2Story,178000
5,0,1535,RL,AllPub,SawyerW,Attchd,1Story,118964
7,1226,1226,RL,AllPub,CollgCr,Attchd,1Story,198900
7,1040,1818,RM,AllPub,IDOTRR,Detchd,1.5Fin,169500
8,1053,1992,FV,AllPub,Somerst,Attchd,2Story,250000
4,641,1047,RM,AllPub,OldTown,Detchd,1Story,100000
5,789,789,RM,AllPub,OldTown,Detchd,1Story,115000
5,793,1517,RM,AllPub,IDOTRR,NA,1.5Fin,115000
6,1844,1844,RL,AllPub,NWAmes,Attchd,1Story,190000
6,994,1855,RL,AllPub,Edwards,Attchd,1.5Fin,136900
7,384,1430,RL,AllPub,Gilbert,BuiltIn,SLvl,180000
7,1264,2696,RL,AllPub,CollgCr,BuiltIn,2Story,383970
6,1809,2259,RL,AllPub,Crawfor,Basment,1Story,217000
6,1028,2320,RL,AllPub,Crawfor,Detchd,2Story,259500
6,729,1458,FV,AllPub,Somerst,Detchd,2Story,176000
5,1092,1092,RL,AllPub,Sawyer,Attchd,1Story,139000
5,1125,1125,RL,AllPub,Edwards,Attchd,1Story,155000
7,1673,3222,RL,AllPub,SawyerW,Attchd,2Story,320000
6,728,1456,RL,AllPub,CollgCr,Attchd,2Story,163990
6,938,988,RL,AllPub,ClearCr,Attchd,SLvl,180000
4,732,1123,RM,AllPub,IDOTRR,Detchd,1.5Fin,100000
6,1080,1080,RL,AllPub,NAmes,Attchd,1Story,136000
6,1199,1199,RL,AllPub,SawyerW,Attchd,1Story,153900
6,1362,1586,RL,AllPub,NWAmes,Attchd,1Story,181000
6,520,754,RM,AllPub,IDOTRR,NA,1.5Fin,84500
6,1078,958,RL,AllPub,NPkVill,Attchd,1Story,128000
5,672,840,RM,AllPub,OldTown,NA,1.5Unf,87000
6,660,1348,RL,AllPub,NAmes,Attchd,2Story,155000
5,1008,1053,RL,AllPub,NAmes,2Types,1Story,150000
7,924,2157,RL,AllPub,NAmes,Attchd,2Story,226000
6,992,2054,RL,AllPub,Gilbert,BuiltIn,2Story,244000
5,1063,1327,RL,AllPub,NAmes,Detchd,1Story,150750
8,1267,1296,RL,AllPub,Timber,Attchd,1Story,220000
5,1461,1721,RL,AllPub,Sawyer,Attchd,1Story,180000
7,1304,1682,RL,AllPub,NWAmes,Attchd,1Story,174000
5,1214,1214,RL,AllPub,NAmes,Attchd,1Story,143000
7,1907,1959,RL,AllPub,Mitchel,2Types,1Story,171000
8,1004,1852,RL,AllPub,CollgCr,Attchd,2Story,230000
6,928,1764,RL,AllPub,CollgCr,Attchd,2Story,231500
4,864,864,RL,AllPub,NAmes,NA,1Story,115000
7,1734,1734,RL,AllPub,CollgCr,Attchd,1Story,260000
5,910,1385,RL,AllPub,NAmes,Detchd,1.5Fin,166000
7,1490,1501,RL,AllPub,CollgCr,Attchd,1Story,204000
5,1728,1728,RM,AllPub,Sawyer,Detchd,1Story,125000
6,970,1709,RM,AllPub,Edwards,Detchd,2Story,130000
5,715,875,RM,AllPub,BrkSide,Detchd,1Story,105000
7,884,2035,RL,AllPub,Gilbert,BuiltIn,2Story,222500
7,1080,1080,RL,AllPub,SawyerW,NA,1Story,141000
5,896,1344,RM,AllPub,BrkSide,Detchd,1.5Fin,115000
5,969,969,RL,AllPub,CollgCr,Attchd,1Story,122000
8,1710,1710,RL,AllPub,NridgHt,Attchd,1Story,372402
6,825,1993,RL,AllPub,NWAmes,Attchd,2Story,190000
6,1602,1252,RL,AllPub,ClearCr,Attchd,1Story,235000
6,1200,1200,RM,AllPub,OldTown,Detchd,1Story,125000
6,572,1096,RL,AllPub,Edwards,NA,1.5Fin,79000
5,0,1040,RL,AllPub,NAmes,Detchd,1Story,109500
8,774,1968,RL,AllPub,Timber,BuiltIn,2Story,269500
7,991,1947,FV,AllPub,Somerst,Attchd,2Story,254900
7,1392,2462,RL,AllPub,Gilbert,Attchd,2Story,320000
6,1232,1232,RL,AllPub,Veenker,Attchd,1Story,162500
9,1572,2668,RL,AllPub,NridgHt,BuiltIn,2Story,412500
7,1541,1541,RL,AllPub,NridgHt,Attchd,1Story,220000
4,882,882,RL,AllPub,OldTown,NA,1.5Unf,103200
6,1149,1616,RM,AllPub,OldTown,Detchd,1Story,152000
5,644,1355,RL,AllPub,Edwards,NA,1.5Fin,127500
5,1617,1867,RL,AllPub,ClearCr,Attchd,1Story,190000
8,1582,2161,RL,AllPub,NridgHt,Attchd,2Story,325624
7,840,1720,RL,AllPub,Gilbert,Attchd,2Story,183500
8,1686,1707,RL,AllPub,Timber,Attchd,1Story,228000
5,720,1382,RM,AllPub,OldTown,Detchd,1.5Fin,128500
6,1080,1656,RL,AllPub,NAmes,Attchd,1Story,215000
7,1064,1767,RL,AllPub,StoneBr,Attchd,2Story,239000
6,1362,1362,RL,AllPub,NAmes,Attchd,1Story,163000
6,1606,1651,RL,AllPub,Timber,Attchd,1Story,184000
6,1202,2158,RL,AllPub,Edwards,Attchd,1Story,243000
6,1151,2060,RL,AllPub,ClearCr,Attchd,2Story,211000
5,1052,1920,RL,AllPub,Sawyer,Attchd,1.5Fin,172500
9,2216,2234,RL,AllPub,StoneBr,Attchd,1Story,501837
5,968,968,RM,AllPub,OldTown,Detchd,1Story,100000
6,756,1525,FV,AllPub,Somerst,Detchd,2Story,177000
7,793,1802,RL,AllPub,Crawfor,Detchd,2Story,200100
5,0,1340,RL,AllPub,Edwards,Attchd,1Story,120000
7,1362,2082,RM,AllPub,OldTown,Detchd,1.5Fin,200000
5,504,1252,RL,AllPub,BrkSide,Attchd,1.5Fin,127000
10,1107,3608,RM,AllPub,OldTown,Detchd,2.5Fin,475000
7,1188,1217,RL,AllPub,Mitchel,Attchd,SLvl,173000
5,660,1656,RL,AllPub,OldTown,Detchd,1.5Fin,135000
5,1086,1224,RL,AllPub,SawyerW,Detchd,SFoyer,153337
8,1593,1593,RL,AllPub,StoneBr,Attchd,1Story,286000
8,853,2727,RL,AllPub,Crawfor,Detchd,2Story,315000
7,725,1479,RL,AllPub,NAmes,Attchd,2Story,184000
7,1431,1431,RL,AllPub,CollgCr,Attchd,1Story,192000
7,970,1709,RM,AllPub,Edwards,Detchd,2Story,130000
5,864,864,RL,AllPub,CollgCr,Detchd,1Story,127000
6,855,1456,RL,AllPub,NPkVill,Attchd,2Story,148500
7,1726,1726,RL,AllPub,Somerst,Attchd,1Story,311872
8,1360,3112,RL,AllPub,NAmes,Detchd,2Story,235000
6,755,2229,RM,AllPub,OldTown,NA,2.5Fin,104000
8,1713,1713,RL,AllPub,NridgHt,Attchd,1Story,274900
4,1121,1121,RM,AllPub,Edwards,Attchd,1Story,140000
6,1196,1279,RL,AllPub,Mitchel,Detchd,1Story,171500
6,617,1310,RL,AllPub,OldTown,Attchd,1.5Fin,112000
6,848,848,RM,AllPub,CollgCr,Attchd,1Story,149000
5,720,1284,RM,AllPub,OldTown,Detchd,1.5Fin,110000
7,1424,1442,RL,AllPub,Gilbert,Attchd,1Story,180500
5,1140,1696,RL,AllPub,Sawyer,Attchd,1Story,143900
4,1100,1100,RL,AllPub,NAmes,Attchd,1Story,141000
7,1157,2062,RL,AllPub,SawyerW,Attchd,2Story,277000
6,1092,1092,RL,AllPub,NAmes,Attchd,1Story,145000
5,864,864,RL,AllPub,Edwards,NA,1Story,98000
6,1212,1212,RL,AllPub,Edwards,Attchd,1Story,186000
7,900,1852,FV,AllPub,Somerst,Attchd,2Story,252678
5,990,990,RL,AllPub,CollgCr,Attchd,1Story,156000
6,689,1392,RL,AllPub,CollgCr,Attchd,2Story,161750
5,1070,1236,RL,AllPub,NAmes,Attchd,1Story,134450
7,1436,1436,RL,AllPub,CollgCr,Attchd,1Story,210000
4,686,1328,RM,AllPub,OldTown,Detchd,2Story,107000
7,798,1954,RL,AllPub,Crawfor,Attchd,1.5Fin,311500
7,1248,1248,RL,AllPub,Blmngtn,Attchd,1Story,167240
7,1498,1498,RL,AllPub,CollgCr,Attchd,1Story,204900
6,1010,2267,RL,AllPub,Gilbert,BuiltIn,2Story,200000
6,713,1552,RL,AllPub,NWAmes,Attchd,2Story,179900
4,864,864,RL,AllPub,NAmes,Detchd,1Story,97000
10,2392,2392,RL,AllPub,NridgHt,Attchd,1Story,386250
5,630,1302,RM,AllPub,BrDale,Detchd,2Story,112000
7,1203,2520,RL,AllPub,NoRidge,Attchd,2Story,290000
6,483,987,RM,AllPub,BrDale,Detchd,2Story,106000
5,912,912,RL,AllPub,Sawyer,Detchd,1Story,125000
7,1373,1555,RL,AllPub,Blmngtn,Attchd,1Story,192500
6,1194,1194,RL,AllPub,NAmes,Attchd,1Story,148000
8,1462,2794,RL,AllPub,NoRidge,Attchd,2Story,403000
6,483,987,RM,AllPub,BrDale,Attchd,2Story,94500
5,894,894,RL,AllPub,CollgCr,Attchd,1Story,128200
6,860,1960,RL,AllPub,Gilbert,BuiltIn,2Story,216500
6,483,987,RM,AllPub,BrDale,Detchd,2Story,89500
7,1414,1414,RL,AllPub,CollgCr,Attchd,1Story,185500
7,996,1744,RL,AllPub,SawyerW,Attchd,2Story,194500
8,1694,1694,RL,AllPub,NridgHt,Attchd,1Story,318000
6,735,1487,RL,AllPub,Edwards,Detchd,1.5Fin,113000
8,1566,1566,FV,AllPub,Somerst,Attchd,1Story,262500
5,686,866,RM,AllPub,OldTown,NA,1Story,110500
5,540,1440,RM,AllPub,OldTown,Attchd,1.5Fin,79000
6,626,1217,RL,AllPub,SawyerW,Attchd,2Story,120000
7,948,2110,RL,AllPub,SawyerW,Attchd,2Story,205000
7,1845,1872,RL,AllPub,NWAmes,Attchd,1Story,241500
6,1020,1928,RM,AllPub,OldTown,Detchd,2Story,137000
6,1367,1375,RL,AllPub,NAmes,Attchd,1Story,140000
7,840,1668,RL,AllPub,CollgCr,Attchd,2Story,180000
6,1444,2144,RL,AllPub,ClearCr,Attchd,1.5Fin,277000
3,728,1306,RL,AllPub,BrkSide,NA,1Story,76500
8,1573,1625,RM,AllPub,Crawfor,Attchd,1Story,235000
6,798,1640,RL,AllPub,SawyerW,Attchd,2Story,173000
6,1302,1302,RL,AllPub,NAmes,Attchd,SLvl,158000
5,1314,1314,RL,AllPub,NAmes,Attchd,1Story,145000
7,975,2291,RL,AllPub,Gilbert,BuiltIn,2Story,230000
6,864,1728,FV,AllPub,Somerst,Attchd,2Story,207500
7,1604,1604,RL,AllPub,CollgCr,Attchd,1Story,220000
7,963,1792,RL,AllPub,CollgCr,Attchd,2Story,231500
5,0,882,RM,AllPub,OldTown,Detchd,1Story,97000
6,1362,1382,RL,AllPub,NAmes,Attchd,SLvl,176000
8,1482,2574,RL,AllPub,CollgCr,BuiltIn,2Story,276000
6,506,1212,RL,AllPub,Sawyer,Attchd,SLvl,151000
5,926,1316,RM,AllPub,OldTown,Detchd,1.5Fin,130000
5,680,764,RM,AllPub,OldTown,Detchd,1Story,73000
6,1422,1422,RL,AllPub,NWAmes,Attchd,1Story,175500
6,802,1511,RL,AllPub,Gilbert,Attchd,2Story,185000
5,720,2192,RL,AllPub,SWISU,Detchd,2.5Fin,179500
5,740,778,RM,AllPub,IDOTRR,Detchd,1Story,120500
6,1143,1113,RL,AllPub,Edwards,Attchd,1Story,148000
8,1095,1939,FV,AllPub,Somerst,Attchd,2Story,266000
7,1385,1363,RL,AllPub,ClearCr,Attchd,1Story,241500
8,1152,2270,RL,AllPub,NoRidge,Attchd,2Story,290000
6,1240,1632,RL,AllPub,NAmes,Attchd,1Story,139000
5,816,816,RL,AllPub,Mitchel,Attchd,1Story,124500
7,952,1548,RL,AllPub,BrkSide,Detchd,1.5Fin,205000
7,1560,1560,RL,AllPub,Mitchel,Attchd,1Story,201000
4,864,864,RL,AllPub,Gilbert,Detchd,1Story,141000
9,2121,2121,RL,AllPub,NridgHt,Attchd,1Story,415298
7,1160,2022,RL,AllPub,ClearCr,Attchd,2Story,192000
7,807,1982,RL,AllPub,SawyerW,Attchd,2Story,228500
6,1262,1262,FV,AllPub,Somerst,Attchd,1Story,185000
7,1314,1314,RL,AllPub,NridgHt,Attchd,1Story,207500
8,1468,1468,RL,AllPub,Somerst,Attchd,1Story,244600
6,1575,1575,RL,AllPub,SawyerW,Attchd,1Story,179200
7,625,1250,FV,AllPub,Somerst,Detchd,2Story,164700
6,912,1734,RL,AllPub,NAmes,Attchd,1.5Fin,159000
4,858,858,RL,AllPub,NAmes,NA,1Story,88000
5,882,900,RL,AllPub,Sawyer,Detchd,1Story,122000
6,698,1396,RL,AllPub,BrkSide,Detchd,2Story,153575
8,1079,1919,RL,AllPub,CollgCr,Attchd,2Story,233230
5,780,1716,RL,AllPub,SWISU,NA,2Story,135900
5,768,1716,RL,AllPub,Edwards,Attchd,1.5Fin,131000
7,795,2263,RL,AllPub,NWAmes,Attchd,2Story,235000
6,1416,1644,RL,AllPub,NAmes,Attchd,1Story,167000
6,1003,1003,RL,AllPub,Mitchel,Detchd,SLvl,142500
5,910,1558,RM,AllPub,IDOTRR,Attchd,1.5Fin,152000
7,975,1950,FV,AllPub,Somerst,Detchd,2Story,239000
6,702,1743,RL,AllPub,NWAmes,Attchd,2Story,175000
6,1092,1152,RL,AllPub,Crawfor,Attchd,1Story,158500
5,1165,1336,RL,AllPub,Crawfor,Attchd,1Story,157000
8,1028,2452,RL,AllPub,CollgCr,BuiltIn,2Story,267000
7,1541,1541,RL,AllPub,CollgCr,Attchd,1Story,205000
5,894,894,RL,AllPub,CollgCr,Attchd,1Story,149900
7,1470,3493,RM,AllPub,OldTown,Attchd,2.5Fin,295000
8,2000,2000,RL,AllPub,CollgCr,Attchd,1Story,305900
7,700,2243,RL,AllPub,SawyerW,Attchd,2Story,225000
6,319,1406,RM,AllPub,IDOTRR,NA,1.5Fin,89500
4,861,861,RL,AllPub,Edwards,Detchd,1Story,82500
9,1896,1944,RL,AllPub,NridgHt,Attchd,1Story,360000
6,697,1501,RL,AllPub,Gilbert,Attchd,2Story,165600
6,972,972,RL,AllPub,NAmes,Detchd,1Story,132000
5,793,1118,RM,AllPub,OldTown,Detchd,1.5Fin,119900
7,2136,2036,RL,AllPub,Timber,Attchd,1Story,375000
7,728,1641,RM,AllPub,OldTown,Detchd,2Story,178000
7,716,1432,RL,AllPub,Gilbert,Attchd,2Story,188500
7,845,2353,RL,AllPub,NWAmes,Attchd,2Story,260000
8,1088,1959,FV,AllPub,Somerst,Attchd,2Story,270000
7,1347,2646,RL,AllPub,NoRidge,Attchd,2Story,260000
7,1372,1472,RL,AllPub,NWAmes,Attchd,SLvl,187500
9,1249,2596,RL,AllPub,NridgHt,Attchd,2Story,342643
8,1136,2468,RL,AllPub,NridgHt,BuiltIn,2Story,354000
7,1502,2730,RL,AllPub,SawyerW,Attchd,2Story,301000
3,1162,1163,RM,AllPub,OldTown,Attchd,1Story,126175
7,710,2978,RL,AllPub,NAmes,BuiltIn,SLvl,242000
5,720,803,RM,AllPub,IDOTRR,Detchd,1.5Unf,87000
8,1719,1719,RL,AllPub,Veenker,Attchd,1Story,324000
6,1383,1383,RL,AllPub,NAmes,Attchd,1Story,145250
6,844,2134,RL,AllPub,BrkSide,Detchd,2.5Unf,214500
5,596,1192,RM,AllPub,IDOTRR,Detchd,2Story,78000
5,1728,1728,RL,AllPub,NAmes,Detchd,1Story,119000
5,1056,1056,RL,AllPub,NAmes,Attchd,1Story,139000
8,3206,1629,RL,AllPub,NridgHt,Attchd,1Story,284000
7,1358,1358,RM,AllPub,NridgHt,Attchd,1Story,207000
6,943,1638,RL,AllPub,Gilbert,Attchd,2Story,192000
5,1499,1786,RL,AllPub,Timber,Attchd,1.5Fin,228950
9,1922,1922,RL,AllPub,StoneBr,Attchd,1Story,377426
7,1536,1536,RL,AllPub,CollgCr,Attchd,1Story,214000
7,1208,1621,RL,AllPub,NWAmes,Attchd,1Story,202500
6,1215,1215,RL,AllPub,NAmes,Attchd,1Story,155000
8,967,1908,RL,AllPub,Timber,Attchd,2Story,202900
4,721,841,RH,AllPub,SawyerW,CarPort,1Story,82000
3,0,1040,RL,AllPub,NAmes,Detchd,1Story,87500
9,1684,1684,RL,AllPub,NridgHt,Attchd,1Story,266000
5,536,1112,RM,AllPub,MeadowV,Attchd,2Story,85000
6,972,1577,RL,AllPub,BrkSide,Detchd,1.5Fin,140200
6,958,958,RL,AllPub,NAmes,Attchd,1Story,151500
6,1478,1478,RL,AllPub,NAmes,Attchd,1Story,157500
7,764,1626,RL,AllPub,NridgHt,BuiltIn,2Story,154000
9,1848,2728,RL,AllPub,NridgHt,Attchd,2Story,437154
9,1869,1869,RL,AllPub,NridgHt,Attchd,1Story,318061
7,1453,1453,RL,AllPub,ClearCr,Attchd,1Story,190000
5,616,1111,RL,AllPub,Edwards,Detchd,1.5Fin,95000
6,624,720,RM,AllPub,OldTown,Detchd,1Story,105900
6,940,1595,RL,AllPub,SWISU,Attchd,1.5Fin,140000
6,1200,1200,RL,AllPub,CollgCr,Attchd,1Story,177500
6,1158,1167,RL,AllPub,Gilbert,Attchd,1Story,173000
5,1142,1142,RM,AllPub,MeadowV,Attchd,1Story,134000
5,1062,1352,RL,AllPub,ClearCr,BuiltIn,SLvl,130000
8,1086,1924,RL,AllPub,NoRidge,Attchd,2Story,280000
6,888,912,RL,AllPub,Mitchel,Attchd,SFoyer,156000
5,883,1505,RL,AllPub,BrkSide,Detchd,1.5Fin,145000
7,0,1922,RL,AllPub,Edwards,BuiltIn,SFoyer,198500
6,483,987,RM,AllPub,BrDale,Detchd,2Story,118000
6,796,1574,RL,AllPub,NWAmes,Attchd,2Story,190000
5,672,1344,RM,AllPub,IDOTRR,Detchd,2Story,147000
6,1394,1394,RL,AllPub,NAmes,Attchd,1Story,159000
6,1099,1431,RL,AllPub,NAmes,Basment,SLvl,165000
5,1268,1268,RL,AllPub,NAmes,Attchd,1Story,132000
5,1063,1287,RL,AllPub,NAmes,Detchd,1Story,162000
6,953,1664,RL,AllPub,Gilbert,Attchd,2Story,172400
4,0,1588,RL,AllPub,ClearCr,Detchd,1.5Fin,134432
6,744,752,RL,AllPub,SawyerW,Attchd,1Story,125000
5,608,1319,RL,AllPub,NAmes,Attchd,1Story,123000
7,847,1928,RL,AllPub,CollgCr,BuiltIn,2Story,219500
1,683,904,RL,AllPub,Edwards,NA,1Story,61000
5,870,914,RL,AllPub,CollgCr,Detchd,SFoyer,148000
8,1580,2466,FV,AllPub,Somerst,Attchd,2Story,340000
9,1856,1856,RL,AllPub,StoneBr,Attchd,1Story,394432
6,982,1800,RL,AllPub,Gilbert,Attchd,2Story,179000
5,1026,1691,RL,AllPub,SWISU,Detchd,1.5Fin,127000
7,1293,1301,FV,AllPub,Somerst,Attchd,1Story,187750
7,939,1797,RL,AllPub,CollgCr,Attchd,2Story,213500
6,784,784,RH,AllPub,SawyerW,Detchd,1.5Unf,76000
6,1580,1953,RL,AllPub,ClearCr,Attchd,2Story,240000
8,1256,1269,RL,AllPub,Blmngtn,Attchd,1Story,192000
5,658,1184,RL,AllPub,Edwards,NA,1.5Fin,81000
6,1041,1125,RL,AllPub,Edwards,Detchd,SLvl,125000
7,1468,1479,RL,AllPub,CollgCr,Attchd,1Story,191000
10,1682,2332,RL,AllPub,NridgHt,BuiltIn,2Story,426000
5,861,1367,RL,AllPub,Edwards,Detchd,1.5Fin,119000
6,804,1961,RL,AllPub,Mitchel,BuiltIn,2Story,215000
5,0,882,RL,AllPub,NAmes,Attchd,1Story,106500
4,788,788,RL,AllPub,BrkSide,NA,1Story,100000
5,735,1034,RL,AllPub,OldTown,Detchd,1.5Fin,109000
5,1144,1144,RL,AllPub,Edwards,Attchd,1Story,129000
5,894,894,RL,AllPub,CollgCr,Detchd,1Story,123000
5,864,1812,RL,AllPub,NAmes,Attchd,2Story,169500
5,961,1077,RM,AllPub,IDOTRR,Detchd,1Story,67000
7,1092,1550,FV,AllPub,Somerst,Attchd,2Story,241000
8,1260,1288,RL,AllPub,Veenker,Attchd,1Story,245500
7,1310,1310,RL,AllPub,CollgCr,Attchd,1Story,164990
5,672,672,RL,AllPub,Sawyer,Detchd,1Story,108000
8,1141,2263,RL,AllPub,NoRidge,BuiltIn,2Story,258000
6,806,1572,RL,AllPub,Gilbert,BuiltIn,2Story,168000
4,1281,1620,RL,AllPub,Sawyer,Attchd,1Story,150000
6,1064,1639,RL,AllPub,SWISU,Detchd,1.5Fin,115000
6,840,1680,RL,AllPub,Crawfor,Attchd,2Story,177000
7,1063,2172,RL,AllPub,NridgHt,Attchd,2Story,280000
8,1034,2078,FV,AllPub,Somerst,Attchd,2Story,339750
5,1276,1276,RL,AllPub,Edwards,Attchd,1Story,60000
5,1056,1056,RL,AllPub,Gilbert,Attchd,1Story,145000
7,1470,1478,FV,AllPub,Somerst,Attchd,1Story,222000
5,1008,1028,RM,AllPub,OldTown,Detchd,1Story,115000
7,1080,2097,RL,AllPub,SawyerW,Attchd,2Story,228000
7,1340,1340,RL,AllPub,Gilbert,Attchd,1Story,181134
6,672,1400,RL,AllPub,Sawyer,Attchd,2Story,149500
6,1370,2624,RL,AllPub,Crawfor,Detchd,2Story,239000
5,756,1134,RL,AllPub,Edwards,Detchd,1.5Fin,126000
5,1056,1056,RL,AllPub,NAmes,Attchd,1Story,142000
7,1344,1344,RM,AllPub,Mitchel,Attchd,SFoyer,206300
6,1602,1602,RL,AllPub,NWAmes,Attchd,1Story,215000
5,988,988,RL,AllPub,Mitchel,Attchd,1Story,113000
8,1470,2630,RL,AllPub,NoRidge,Attchd,2Story,315000
6,1196,1196,RL,AllPub,NAmes,Attchd,1Story,139000
7,651,1389,RM,AllPub,OldTown,Detchd,2Story,135000
7,1518,1644,RL,AllPub,SawyerW,Attchd,SLvl,275000
4,907,907,RL,AllPub,NAmes,Detchd,1Story,109008
7,1208,1208,RL,AllPub,CollgCr,Attchd,1Story,195400
6,1392,1412,RL,AllPub,Timber,Attchd,1Story,175000
6,483,987,RM,AllPub,BrDale,Detchd,2Story,85400
6,901,1198,RM,AllPub,OldTown,NA,1.5Fin,79900
5,765,1365,RM,AllPub,BrDale,Detchd,2Story,122500
6,926,1604,RL,AllPub,Gilbert,Attchd,2Story,181000
4,630,630,RM,AllPub,MeadowV,NA,SFoyer,81000
7,799,1661,RL,AllPub,CollgCr,Attchd,2Story,212000
6,648,1118,RM,AllPub,OldTown,Detchd,1.5Fin,116000
6,884,904,RM,AllPub,BrkSide,Detchd,1.5Unf,119000
5,440,694,RL,AllPub,Crawfor,Detchd,1Story,90350
6,684,1196,RL,AllPub,Edwards,Detchd,1.5Fin,110000
10,3094,2402,RL,AllPub,NridgHt,Attchd,1Story,555000
4,1440,1440,RL,AllPub,Edwards,NA,1Story,118000
5,1078,1573,RM,AllPub,BrkSide,Detchd,1.5Fin,162900
7,1258,1258,RL,AllPub,Blmngtn,Attchd,1Story,172500
7,915,1908,RL,AllPub,CollgCr,Attchd,2Story,210000
6,1436,1689,RL,AllPub,Edwards,Attchd,1Story,127500
6,1517,1888,RL,AllPub,NAmes,Attchd,1Story,190000
7,930,1886,RL,AllPub,Gilbert,Attchd,2Story,199900
6,780,1376,RM,AllPub,IDOTRR,Detchd,1.5Fin,119500
3,649,1183,RM,AllPub,OldTown,Detchd,1.5Fin,120000
6,813,813,RM,AllPub,OldTown,Detchd,1Story,110000
7,1533,1533,RL,AllPub,ClearCr,Attchd,1Story,280000
6,872,1756,RL,AllPub,Timber,Attchd,2Story,204000
8,768,1590,FV,AllPub,Somerst,Attchd,2Story,210000
5,1728,1728,RL,AllPub,Mitchel,Detchd,1Story,188000
7,1242,1242,RL,AllPub,NWAmes,Attchd,1Story,175500
5,624,1344,RM,AllPub,OldTown,Detchd,2Story,98000
4,1364,1663,RL,AllPub,ClearCr,Attchd,1Story,256000
8,588,1666,RM,AllPub,OldTown,Detchd,2Story,161000
5,709,1203,RL,AllPub,BrkSide,Detchd,1.5Fin,110000
8,832,1935,FV,AllPub,Somerst,BuiltIn,2Story,263435
7,560,1135,RL,AllPub,SWISU,Detchd,2Story,155000
5,864,864,RL,AllPub,Sawyer,Detchd,1Story,62383
6,715,1660,RL,AllPub,Crawfor,Detchd,2Story,188700
5,1040,1040,RL,AllPub,CollgCr,NA,1Story,124000
7,1375,1414,RM,AllPub,Blmngtn,Attchd,1Story,178740
7,1277,1277,RL,AllPub,NAmes,Attchd,1Story,167000
5,728,1644,RL,AllPub,NAmes,Attchd,2Story,146500
8,1626,1634,RL,AllPub,NridgHt,Attchd,1Story,250000
6,832,1710,RL,AllPub,SawyerW,Attchd,2Story,187000
8,1488,1502,RL,AllPub,StoneBr,Attchd,1Story,212000
7,808,1969,RL,AllPub,NWAmes,Attchd,2Story,190000
6,547,1072,RM,AllPub,Edwards,Basment,SLvl,148000
8,1976,1976,RL,AllPub,NridgHt,Attchd,1Story,440000
8,1494,1652,RL,AllPub,StoneBr,Attchd,1Story,251000
5,970,970,RL,AllPub,Sawyer,Detchd,1Story,132500
6,1478,1493,RL,AllPub,CollgCr,Attchd,1Story,208900
9,2153,2643,RL,AllPub,NridgHt,BuiltIn,2Story,380000
8,1705,1718,RL,AllPub,CollgCr,Attchd,1Story,297000
4,907,1131,RM,AllPub,OldTown,Detchd,1Story,89471
9,1833,1850,RL,AllPub,NridgHt,Attchd,1Story,326000
9,1792,1792,RL,AllPub,NridgHt,Attchd,1Story,374000
7,910,1826,RM,AllPub,OldTown,Attchd,2Story,155000
6,1216,1216,RM,AllPub,Mitchel,Attchd,1Story,164000
5,999,999,RL,AllPub,Sawyer,Detchd,1Story,132500
5,1113,1113,RL,AllPub,NAmes,Attchd,1Story,147000
5,1073,1073,RL,AllPub,NAmes,Attchd,1Story,156000
5,1484,1484,RL,AllPub,NWAmes,Attchd,1Story,175000
5,954,2414,RL,AllPub,OldTown,Attchd,1.5Fin,160000
4,630,630,RM,AllPub,MeadowV,Attchd,SFoyer,86000
5,264,1304,RM,AllPub,MeadowV,BuiltIn,2Story,115000
6,806,1578,RL,AllPub,NAmes,Attchd,1.5Fin,133000
6,728,1456,RL,AllPub,Gilbert,Attchd,2Story,172785
5,1269,1269,RL,AllPub,NAmes,Detchd,1Story,155000
5,190,886,RM,AllPub,OldTown,Attchd,1Story,91300
4,720,720,C (all),AllPub,IDOTRR,NA,1Story,34900
8,3200,3228,RL,AllPub,NoRidge,Attchd,1Story,430000
7,1026,1820,RL,AllPub,BrkSide,Detchd,1.5Fin,184000
5,864,899,RL,AllPub,Sawyer,Attchd,1Story,130000
5,912,912,RL,AllPub,NAmes,Attchd,1Story,120000
6,672,1218,RM,AllPub,BrDale,Detchd,2Story,113000
7,866,1768,FV,AllPub,Somerst,Attchd,2Story,226700
5,1214,1214,RL,AllPub,Edwards,Detchd,1Story,140000
7,1501,1801,RL,AllPub,Crawfor,Attchd,1Story,289000
6,855,1322,RL,AllPub,NPkVill,Attchd,2Story,147000
5,960,1960,RM,AllPub,OldTown,Detchd,2Story,124500
8,777,1911,RL,AllPub,SawyerW,Attchd,2Story,215000
6,1218,1218,FV,AllPub,Somerst,Attchd,1Story,208300
7,689,1378,RM,AllPub,OldTown,Detchd,2Story,161000
5,1041,1041,RL,AllPub,NAmes,Attchd,1Story,124500
5,1008,1363,RL,AllPub,NAmes,CarPort,1Story,164900
7,1368,1368,RL,AllPub,NridgHt,Attchd,1Story,202665
5,864,864,RL,AllPub,NAmes,Detchd,1Story,129900
6,1084,1080,RL,AllPub,Mitchel,Attchd,1Story,134000
5,768,789,RL,AllPub,Crawfor,Detchd,1.5Unf,96500
10,2006,2020,RL,AllPub,NridgHt,Attchd,1Story,402861
6,689,2119,RL,AllPub,NWAmes,Attchd,SLvl,158000
7,1264,2344,RL,AllPub,NoRidge,Attchd,2Story,265000
6,794,1796,RL,AllPub,CollgCr,Attchd,2Story,211000
7,1276,2080,RL,AllPub,Crawfor,Detchd,2Story,234000
4,0,1294,RL,AllPub,OldTown,NA,2Story,106250
6,1244,1244,RL,AllPub,NAmes,Attchd,1Story,150000
6,1004,1664,RM,AllPub,BrkSide,Detchd,1.5Fin,159000
10,3138,4676,RL,AllPub,Edwards,BuiltIn,2Story,184750
7,1379,2398,RL,AllPub,NoRidge,Attchd,2Story,315750
7,1257,1266,FV,AllPub,Somerst,Attchd,1Story,176000
5,928,928,RL,AllPub,NAmes,Attchd,1Story,132000
9,1452,2713,RL,AllPub,NridgHt,Attchd,2Story,446261
4,528,605,RL,AllPub,Edwards,NA,1Story,86000
6,2035,2515,RL,AllPub,Crawfor,Attchd,1Story,200624
6,1461,1509,RL,AllPub,Timber,Attchd,SLvl,175000
6,611,1362,RM,AllPub,BrkSide,Detchd,2Story,128000
5,0,827,RL,AllPub,NAmes,Detchd,1Story,107500
1,0,334,RL,AllPub,BrkSide,NA,1Story,39300
8,707,1414,RL,AllPub,Gilbert,Attchd,2Story,178000
5,1117,1347,RL,AllPub,Edwards,NA,2Story,107500
7,880,1724,RL,AllPub,CollgCr,Attchd,2Story,188000
4,864,864,RL,AllPub,NAmes,Detchd,1Story,111250
5,1051,1159,RL,AllPub,Sawyer,Attchd,1Story,158000
8,1581,1601,RL,AllPub,CollgCr,Attchd,1Story,272000
9,1838,1838,RL,AllPub,Timber,Attchd,1Story,315000
8,969,2285,RL,AllPub,NoRidge,BuiltIn,2Story,248000
7,1650,1680,RL,AllPub,NWAmes,Attchd,1Story,213250
7,723,767,RH,AllPub,NAmes,Attchd,SFoyer,133000
7,654,1496,RL,AllPub,Gilbert,Attchd,2Story,179665
7,1204,2183,RL,AllPub,NWAmes,Attchd,1.5Fin,229000
6,1065,1635,RL,AllPub,BrkSide,Detchd,1.5Fin,210000
5,768,768,RL,AllPub,Mitchel,Detchd,SFoyer,129500
5,825,825,RM,AllPub,OldTown,Detchd,1Story,125000
7,912,2094,FV,AllPub,Somerst,BuiltIn,2Story,263000
6,1069,1069,RL,AllPub,NPkVill,Attchd,1Story,140000
5,928,928,RM,AllPub,OldTown,Attchd,1Story,112500
8,1709,1717,RL,AllPub,NridgHt,Attchd,1Story,255500
4,0,1126,RL,AllPub,Edwards,Detchd,1Story,108000
7,998,2046,RL,AllPub,NridgHt,BuiltIn,2Story,284000
5,993,1048,RM,AllPub,BrkSide,Detchd,1.5Unf,113000
5,1092,1092,RL,AllPub,NAmes,Attchd,1Story,141000
4,637,1336,C (all),AllPub,IDOTRR,CarPort,1.5Fin,108000
7,729,1446,RL,AllPub,Gilbert,Attchd,2Story,175000
7,1374,1557,RL,AllPub,Blmngtn,Attchd,1Story,234000
5,1392,1392,RL,AllPub,Sawyer,Detchd,1Story,121500
5,1389,1389,RL,AllPub,Mitchel,Attchd,1Story,170000
5,996,996,RL,AllPub,Edwards,NA,1Story,108000
6,1163,1674,RL,AllPub,Edwards,Detchd,1.5Fin,185000
7,1095,2295,RL,AllPub,NoRidge,Attchd,2Story,268000
6,806,1647,RL,AllPub,SWISU,Detchd,2Story,128000
9,1122,2504,RL,AllPub,StoneBr,BuiltIn,2Story,325000
7,1517,1535,RL,AllPub,NridgHt,Attchd,1Story,214000
8,1496,2132,RL,AllPub,SawyerW,BuiltIn,1.5Fin,316600
5,943,943,RL,AllPub,NAmes,Detchd,SFoyer,135960
5,1728,1728,RL,AllPub,NAmes,Detchd,1Story,142600
6,864,864,RL,AllPub,NAmes,Attchd,1Story,120000
7,846,1692,RL,AllPub,Timber,Attchd,2Story,224500
7,384,1430,RL,AllPub,Gilbert,BuiltIn,SLvl,170000
5,372,1109,RL,AllPub,NAmes,BuiltIn,SLvl,139000
5,832,1216,RL,AllPub,NAmes,Detchd,1.5Fin,118500
7,861,1477,RL,AllPub,SWISU,Detchd,1.5Fin,145000
5,1164,1320,RL,AllPub,Sawyer,Attchd,SLvl,164500
7,689,1392,FV,AllPub,Somerst,Detchd,2Story,146000
5,1050,1795,RM,AllPub,OldTown,Attchd,1.5Fin,131500
6,1144,1429,RL,AllPub,NAmes,Attchd,1Story,181900
8,2042,2042,RL,AllPub,NridgHt,Attchd,1Story,253293
6,816,816,RL,AllPub,Edwards,NA,SFoyer,118500
10,1237,2775,RM,AllPub,OldTown,Detchd,2.5Unf,325000
4,884,1573,RM,AllPub,BrkSide,Detchd,1.5Fin,133000
8,1868,2028,RL,AllPub,Timber,Attchd,1Story,369900
6,816,838,RL,AllPub,BrkSide,Detchd,1Story,130000
5,840,860,RL,AllPub,Sawyer,Detchd,SFoyer,137000
5,1437,1473,RL,AllPub,ClearCr,Attchd,1Story,143000
5,742,935,RM,AllPub,BrkSide,Detchd,1Story,79500
7,770,1582,RL,AllPub,CollgCr,Attchd,2Story,185900
10,1722,2296,RL,AllPub,NridgHt,BuiltIn,2Story,451950
5,816,816,RL,AllPub,Mitchel,Detchd,1Story,138000
6,848,848,RM,AllPub,CollgCr,Attchd,1Story,140000
5,924,924,RL,AllPub,CollgCr,Detchd,1Story,110000
8,1814,1826,RL,AllPub,StoneBr,Attchd,1Story,319000
6,684,1368,RM,AllPub,OldTown,Detchd,2Story,114504
7,1258,1402,RL,AllPub,Blmngtn,Attchd,1Story,194201
5,1430,1647,RL,AllPub,Crawfor,Attchd,1Story,217500
6,716,1556,RM,AllPub,Blueste,Attchd,2Story,151000
8,1058,1904,RL,AllPub,NridgHt,BuiltIn,2Story,275000
6,780,1375,RM,AllPub,IDOTRR,Detchd,1.5Fin,141000
8,908,1915,RL,AllPub,SawyerW,Attchd,2Story,220000
7,600,1200,FV,AllPub,Somerst,Detchd,2Story,151000
7,1494,1494,RL,AllPub,CollgCr,Attchd,1Story,221000
7,768,1986,RL,AllPub,NAmes,Attchd,2Story,205000
5,1040,1040,RL,AllPub,CollgCr,Detchd,1Story,152000
5,896,2008,RL,AllPub,Edwards,Attchd,2Story,225000
8,965,3194,RL,AllPub,Crawfor,Basment,2Story,359100
4,1029,1029,RL,AllPub,Sawyer,Attchd,1Story,118500
9,1440,2153,RL,AllPub,CollgCr,Attchd,2Story,313000
6,1032,1032,RL,AllPub,NWAmes,Attchd,SLvl,148000
8,1299,1872,RL,AllPub,CollgCr,BuiltIn,2Story,261500
5,1120,1120,RL,AllPub,Mitchel,NA,1Story,147000
4,630,630,RM,AllPub,MeadowV,NA,SFoyer,75500
6,936,1054,RL,AllPub,NAmes,Attchd,SFoyer,137500
6,783,1509,RL,AllPub,Gilbert,Attchd,2Story,183200
6,832,832,RL,AllPub,NAmes,Detchd,1.5Unf,105500
9,1822,1828,RL,AllPub,NridgHt,Attchd,1Story,314813
8,1482,2262,RL,AllPub,Timber,Attchd,2Story,305000
3,864,864,RL,AllPub,Edwards,NA,1Story,67000
6,1522,2614,RL,AllPub,NWAmes,Attchd,2Story,240000
5,980,980,RL,AllPub,Sawyer,Detchd,1Story,135000
6,756,1512,FV,AllPub,Somerst,Detchd,2Story,168500
6,732,1790,RL,AllPub,NWAmes,Attchd,2Story,165150
6,1116,1116,RL,AllPub,NAmes,Attchd,1Story,160000
5,978,1422,RL,AllPub,NAmes,Attchd,1Story,139900
6,1156,1520,RL,AllPub,NAmes,Basment,SLvl,153000
5,1040,2080,RL,AllPub,NAmes,Attchd,2Story,135000
6,1248,1350,RL,AllPub,NAmes,Attchd,SLvl,168500
5,636,1750,RM,AllPub,OldTown,Detchd,2Story,124000
8,1554,1554,RL,AllPub,NridgHt,Attchd,1Story,209500
7,1386,1411,RL,AllPub,NWAmes,Attchd,1Story,82500
5,1056,1056,RL,AllPub,NAmes,Attchd,1Story,139400
6,1056,1056,RL,AllPub,OldTown,Detchd,SFoyer,144000
6,1440,3395,RH,AllPub,SWISU,NA,2.5Fin,200000
2,264,800,RM,AllPub,BrkSide,NA,1Story,60000
5,811,1387,RM,AllPub,OldTown,BuiltIn,1.5Fin,93000
5,796,796,RL,AllPub,Edwards,NA,1Story,85000
8,1520,1567,RL,AllPub,Blmngtn,Attchd,1Story,264561
8,1518,1518,RL,AllPub,NridgHt,Attchd,1Story,274000
7,1057,1929,FV,AllPub,Somerst,Attchd,2Story,226000
8,1952,2704,RL,AllPub,NAmes,Attchd,SLvl,345000
5,780,1620,RL,AllPub,NWAmes,Attchd,2Story,152000
9,1766,1766,FV,AllPub,Somerst,Attchd,1Story,370878
6,981,981,RL,AllPub,NAmes,Detchd,1Story,143250
5,0,1048,RL,AllPub,NAmes,Detchd,1Story,98300
6,1094,1094,RL,AllPub,Edwards,Attchd,1Story,155000
6,756,1839,RL,AllPub,NAmes,Attchd,2Story,155000
4,630,630,RM,AllPub,MeadowV,NA,SFoyer,84500
7,813,1665,FV,AllPub,Somerst,Attchd,2Story,205950
4,755,1510,RL,AllPub,Edwards,Detchd,2Story,108000
7,880,1716,RL,AllPub,CollgCr,Attchd,2Story,191000
6,756,1469,RM,AllPub,IDOTRR,Detchd,1.5Fin,135000
8,2109,2113,RL,AllPub,NoRidge,Attchd,1Story,350000
6,525,1092,RM,AllPub,BrDale,Detchd,2Story,88000
5,1053,1053,RL,AllPub,NAmes,Attchd,1Story,145500
7,776,1502,RL,AllPub,Crawfor,Attchd,2Story,149000
6,912,1458,RL,AllPub,NAmes,Attchd,1.5Fin,97500
5,1486,1486,RL,AllPub,Edwards,Detchd,1Story,167000
7,793,1935,RL,AllPub,NWAmes,Attchd,2Story,197900
8,1629,2448,RL,AllPub,NoRidge,Attchd,2Story,402000
6,1392,1392,RL,AllPub,NAmes,Attchd,1Story,110000
4,1138,1181,RL,AllPub,Edwards,Detchd,SFoyer,137500
8,2077,2097,RL,AllPub,Somerst,Attchd,1Story,423000
8,1406,1936,RL,AllPub,Gilbert,Attchd,2Story,230500
6,1021,2380,RL,AllPub,NAmes,CarPort,2Story,129000
6,1408,1679,RL,AllPub,SawyerW,Attchd,1Story,193500
5,1188,1437,RL,AllPub,Sawyer,Detchd,1Story,168000
4,700,1180,RL,AllPub,Crawfor,Detchd,1Story,137500
6,738,1476,RL,AllPub,CollgCr,Attchd,2Story,173500
6,672,1369,RH,AllPub,Edwards,Detchd,2Story,103600
6,1208,1208,RL,AllPub,Veenker,Attchd,1Story,165000
6,1477,1839,RL,AllPub,Crawfor,Attchd,1Story,257500
6,1136,1136,RL,AllPub,NAmes,Attchd,1Story,140000
6,855,1441,RL,AllPub,NPkVill,Attchd,2Story,148500
4,1095,1774,RM,AllPub,OldTown,2Types,2Story,87000
5,768,792,RL,AllPub,OldTown,Detchd,1Story,109500
8,2046,2046,RL,AllPub,StoneBr,Attchd,1Story,372500
5,988,988,RL,AllPub,Sawyer,Detchd,1Story,128500
6,923,923,RL,AllPub,SawyerW,Attchd,1Story,143000
5,793,1520,RH,AllPub,SWISU,Detchd,1.5Fin,159434
6,1291,1291,RL,AllPub,ClearCr,Attchd,1Story,173000
9,1626,1668,RL,AllPub,CollgCr,Attchd,1Story,285000
7,1195,1839,RL,AllPub,NoRidge,Attchd,2Story,221000
7,1190,2090,RL,AllPub,StoneBr,Attchd,2Story,207500
7,874,1761,FV,AllPub,Somerst,Attchd,2Story,227875
7,551,1102,FV,AllPub,Somerst,Detchd,2Story,148800
8,1419,1419,RL,AllPub,StoneBr,Attchd,1Story,392000
6,1362,1362,RL,AllPub,NridgHt,Attchd,1Story,194700
6,848,848,RM,AllPub,CollgCr,Attchd,1Story,141000
10,2444,4316,RL,AllPub,NoRidge,Attchd,2Story,755000
7,1210,2519,RL,AllPub,Timber,Attchd,2Story,335000
5,1073,1073,RL,AllPub,OldTown,Detchd,1Story,108480
5,927,1539,RM,AllPub,BrkSide,Detchd,1.5Fin,141500
6,1112,1137,RL,AllPub,Timber,Attchd,1Story,176000
5,616,616,RM,AllPub,BrkSide,Detchd,1Story,89000
5,980,1148,RL,AllPub,Edwards,Detchd,1Story,123500
5,894,894,RL,AllPub,Sawyer,Detchd,1Story,138500
7,1391,1391,FV,AllPub,Somerst,Attchd,1Story,196000
8,1800,1800,RL,AllPub,Timber,Attchd,1Story,312500
7,1164,1164,RL,AllPub,NWAmes,Attchd,1Story,140000
8,1234,2576,RL,AllPub,StoneBr,BuiltIn,2Story,361919
5,360,1812,RM,AllPub,OldTown,Detchd,2Story,140000
7,1473,1484,RL,AllPub,CollgCr,Attchd,1Story,213000
4,0,1092,RM,AllPub,IDOTRR,NA,2Story,55000
7,1643,1824,RL,AllPub,ClearCr,Attchd,1Story,302000
8,1324,1324,RL,AllPub,NridgHt,Attchd,1Story,254000
7,728,1456,RL,AllPub,Gilbert,Attchd,2Story,179540
5,876,904,RL,AllPub,Sawyer,Attchd,1Story,109900
3,270,729,RL,AllPub,BrkSide,NA,1Story,52000
4,859,1178,C (all),AllPub,IDOTRR,Detchd,1.5Fin,102776
8,1228,1228,RL,AllPub,StoneBr,Attchd,1Story,189000
4,960,960,RL,AllPub,BrkSide,Detchd,1Story,129000
6,725,1479,RL,AllPub,Sawyer,Attchd,2Story,130500
6,1064,1350,RL,AllPub,NWAmes,Attchd,1Story,165000
7,718,2554,RM,AllPub,OldTown,Detchd,2Story,159500
5,1176,1178,RL,AllPub,NWAmes,Attchd,1Story,157000
7,1311,2418,RL,AllPub,NoRidge,Attchd,2Story,341000
5,971,971,RL,AllPub,CollgCr,Attchd,1Story,128500
8,1742,1742,RL,AllPub,StoneBr,Attchd,1Story,275000
6,848,848,RM,AllPub,CollgCr,Attchd,1Story,143000
4,864,864,RL,AllPub,NAmes,Detchd,1Story,124500
4,941,1470,RL,AllPub,Edwards,Detchd,1.5Fin,135000
9,1698,1698,RL,AllPub,Edwards,Attchd,1Story,320000
4,864,864,RL,AllPub,NAmes,Detchd,1Story,120500
6,880,1680,RL,AllPub,Crawfor,Attchd,1Story,222000
7,1232,1232,RL,AllPub,CollgCr,Attchd,1Story,194500
5,1584,1776,RL,AllPub,NAmes,Detchd,1Story,110000
4,780,1208,RM,AllPub,IDOTRR,Detchd,1.5Fin,103000
8,1595,1616,RL,AllPub,StoneBr,Attchd,1Story,236500
7,868,1146,RL,AllPub,Timber,Attchd,SLvl,187500
7,1153,2031,RL,AllPub,CollgCr,Attchd,2Story,222500
5,864,1144,RL,AllPub,Sawyer,Attchd,1Story,131400
5,948,948,RL,AllPub,Sawyer,Attchd,1Story,108000
7,880,1768,RM,AllPub,OldTown,Detchd,2.5Unf,163000
3,0,1040,RL,AllPub,NAmes,Detchd,1Story,93500
8,893,1801,RL,AllPub,Gilbert,Attchd,2Story,239900
5,1200,1200,RL,AllPub,Edwards,NA,1Story,179000
7,864,1728,RL,AllPub,CollgCr,Attchd,2Story,190000
5,264,1432,RM,AllPub,OldTown,Detchd,2Story,132000
6,912,912,RL,AllPub,Sawyer,Detchd,1Story,142000
7,1349,1349,RL,AllPub,SawyerW,Attchd,1Story,179000
5,520,1464,RL,AllPub,Sawyer,Attchd,SLvl,175000
8,1337,1337,RL,AllPub,StoneBr,Attchd,1Story,180000
8,1142,2715,RL,AllPub,NWAmes,BuiltIn,2Story,299800
7,952,2256,RL,AllPub,Gilbert,BuiltIn,2Story,236000
7,1240,2640,RM,AllPub,OldTown,Detchd,2Story,265979
7,1720,1720,RL,AllPub,NoRidge,Attchd,1Story,260400
4,0,1529,RL,AllPub,Edwards,Detchd,1.5Fin,98000
4,576,1140,RM,AllPub,OldTown,NA,1.5Fin,96500
7,660,1320,RL,AllPub,Gilbert,Attchd,2Story,162000
6,1479,1494,RL,AllPub,CollgCr,Attchd,1Story,217000
8,1030,2098,RL,AllPub,NridgHt,Attchd,2Story,275500
6,1026,1026,RL,AllPub,NAmes,Detchd,1Story,156000
6,729,1471,FV,AllPub,Somerst,Detchd,2Story,172500
8,866,1768,RL,AllPub,CollgCr,Attchd,2Story,212000
6,672,1386,RL,AllPub,Sawyer,Attchd,2Story,158900
7,744,1501,FV,AllPub,Somerst,Detchd,2Story,179400
8,1318,2531,RL,AllPub,NoRidge,Attchd,2Story,290000
6,864,864,RL,AllPub,NAmes,Detchd,1Story,127500
5,1145,1301,RM,AllPub,BrkSide,Detchd,1Story,100000
7,756,1547,FV,AllPub,Somerst,Attchd,2Story,215200
8,1252,2365,RL,AllPub,NoRidge,Attchd,2Story,337000
8,1494,1494,RL,AllPub,Veenker,Attchd,1Story,270000
9,1498,1506,RL,AllPub,Somerst,Attchd,1Story,264132
7,980,1714,RL,AllPub,NWAmes,Attchd,2Story,196500
6,983,1750,RL,AllPub,Mitchel,Attchd,1.5Fin,160000
7,1860,1836,RL,AllPub,CollgCr,Attchd,1Story,216837
8,1650,3279,RL,AllPub,StoneBr,BuiltIn,2Story,538000
5,858,858,RL,AllPub,Sawyer,Detchd,SFoyer,134900
4,836,1220,RL,AllPub,Edwards,Detchd,1Story,102000
6,1029,1117,RL,AllPub,Edwards,Detchd,SLvl,107000
5,912,912,RL,AllPub,NAmes,Attchd,1Story,114500
8,1935,1973,RL,AllPub,NridgHt,Attchd,1Story,395000
6,1204,1204,RM,AllPub,Mitchel,Attchd,1Story,162000
7,1614,1614,RL,AllPub,CollgCr,Attchd,1Story,221500
5,864,894,RL,AllPub,Sawyer,Attchd,1Story,142500
5,0,2020,RH,AllPub,SawyerW,Detchd,1Story,144000
6,975,1004,RL,AllPub,Mitchel,Attchd,SFoyer,135000
7,1237,1253,RL,AllPub,Gilbert,Attchd,1Story,176000
6,761,1603,RL,AllPub,SawyerW,Attchd,2Story,175900
7,1413,1430,RL,AllPub,CollgCr,Attchd,1Story,187100
5,1097,1110,RL,AllPub,Mitchel,Attchd,SFoyer,165500
6,742,1484,RM,AllPub,OldTown,NA,2.5Unf,128000
6,1372,1342,RL,AllPub,NWAmes,Attchd,1Story,161500
5,686,1652,RM,AllPub,OldTown,Detchd,1.5Fin,139000
7,956,2084,RL,AllPub,SawyerW,BuiltIn,2Story,233000
4,901,901,RM,AllPub,OldTown,Detchd,1Story,107900
6,832,2087,RL,AllPub,ClearCr,Attchd,2Story,187500
7,1145,1145,RL,AllPub,Blmngtn,Attchd,1Story,160200
6,1029,1062,RL,AllPub,Mitchel,Attchd,SLvl,146800
7,1117,2013,RL,AllPub,NoRidge,Attchd,2Story,269790
8,1496,1496,RL,AllPub,Somerst,Attchd,1Story,225000
7,712,1895,RL,AllPub,Gilbert,Attchd,2Story,194500
6,650,1564,RL,AllPub,SawyerW,Attchd,2Story,171000
6,660,1285,RL,AllPub,Sawyer,Attchd,1Story,143500
5,773,773,RL,AllPub,NAmes,Attchd,1Story,110000
9,1926,3140,RL,AllPub,NridgHt,BuiltIn,2Story,485000
5,731,1768,RL,AllPub,SWISU,Detchd,1.5Fin,175000
6,616,1688,RL,AllPub,ClearCr,Attchd,2Story,200000
4,1196,1196,RM,AllPub,IDOTRR,Detchd,1Story,109900
7,728,1456,RL,AllPub,CollgCr,Attchd,2Story,189000
9,1734,2822,RL,AllPub,NridgHt,BuiltIn,2Story,582933
5,936,1128,RL,AllPub,NAmes,Attchd,1Story,118000
7,1417,1428,RL,AllPub,Somerst,Attchd,1Story,227680
5,980,980,RL,AllPub,NAmes,Attchd,SLvl,135500
5,1324,1576,RL,AllPub,BrkSide,Attchd,2Story,223500
5,1024,1086,RL,AllPub,NAmes,Attchd,SLvl,159950
5,849,2138,RM,AllPub,OldTown,Detchd,2.5Unf,106000
6,1040,1309,RL,AllPub,NWAmes,Attchd,1Story,181000
6,848,848,RM,AllPub,CollgCr,Attchd,1Story,144500
5,540,1044,C (all),AllPub,IDOTRR,Basment,1Story,55993
6,1442,1442,RL,AllPub,NAmes,Attchd,1Story,157900
5,686,1250,RL,AllPub,Edwards,Detchd,1.5Fin,116000
7,1649,1661,RL,AllPub,CollgCr,Attchd,1Story,224900
5,1008,1008,RL,AllPub,NAmes,Attchd,1Story,137000
8,1568,1689,RL,AllPub,Mitchel,Attchd,1Story,271000
6,1010,1052,RL,AllPub,ClearCr,Attchd,SLvl,155000
7,1358,1358,RL,AllPub,NridgHt,Attchd,1Story,224000
7,798,1640,RL,AllPub,CollgCr,Attchd,2Story,183000
4,936,936,RM,AllPub,OldTown,Detchd,1Story,93000
7,847,1733,RL,AllPub,Gilbert,BuiltIn,2Story,225000
6,778,1489,RL,AllPub,SWISU,Detchd,1.5Fin,139500
8,1489,1489,FV,AllPub,Somerst,Attchd,1Story,232600
10,2078,2084,RL,AllPub,NridgHt,Attchd,1Story,385000
5,784,784,RM,AllPub,BrkSide,NA,1.5Unf,109500
7,1454,1434,RL,AllPub,SawyerW,Attchd,1Story,189000
5,1013,2126,RL,AllPub,ClearCr,Attchd,2Story,185000
7,600,1223,FV,AllPub,Somerst,Detchd,2Story,147400
6,1392,1392,RL,AllPub,NAmes,Attchd,1Story,166000
7,600,1200,FV,AllPub,Somerst,Detchd,2Story,151000
7,941,1829,RL,AllPub,CollgCr,Attchd,2Story,237000
6,1516,1516,RL,AllPub,NAmes,Attchd,1Story,167000
5,1144,1144,RL,AllPub,NAmes,Attchd,1Story,139950
4,1067,1067,RL,AllPub,Sawyer,Attchd,1Story,128000
5,1559,1559,RM,AllPub,OldTown,Detchd,1Story,153500
6,483,987,RM,AllPub,BrDale,Detchd,2Story,100000
5,1099,1099,RL,AllPub,CollgCr,Attchd,1Story,144000
5,768,1200,RL,AllPub,Edwards,Detchd,1.5Fin,130500
6,672,1482,RH,AllPub,SWISU,Detchd,2Story,140000
5,650,1539,RM,AllPub,OldTown,Detchd,2Story,157500
6,1127,1165,RL,AllPub,NAmes,Attchd,SLvl,174900
5,1800,1800,RL,AllPub,NAmes,NA,1Story,141000
5,876,1416,RM,AllPub,OldTown,Detchd,1.5Fin,153900
5,1390,1701,RL,AllPub,Sawyer,Basment,SFoyer,171000
7,740,1775,RL,AllPub,SawyerW,Attchd,2Story,213000
5,864,864,RL,AllPub,CollgCr,Attchd,1Story,133500
6,907,2358,RL,AllPub,ClearCr,Detchd,1.5Fin,240000
6,528,1855,RL,AllPub,Veenker,Attchd,SLvl,187000
6,848,848,RM,AllPub,CollgCr,Attchd,1Story,131500
8,1273,1456,RL,AllPub,Blmngtn,Attchd,1Story,215000
7,918,1646,RL,AllPub,Crawfor,Detchd,2.5Unf,164000
6,1127,1445,RL,AllPub,NAmes,Attchd,SLvl,158000
5,1763,1779,RL,AllPub,Sawyer,Attchd,1Story,170000
5,1040,1040,RL,AllPub,Sawyer,Detchd,1Story,127000
6,940,1026,RL,AllPub,CollgCr,Detchd,SLvl,147000
6,702,1481,RL,AllPub,Gilbert,Attchd,2Story,174000
7,1090,1370,RL,AllPub,NWAmes,Attchd,1Story,152000
6,1054,2654,RL,AllPub,NWAmes,Attchd,2Story,250000
7,912,1426,RL,AllPub,Crawfor,Detchd,1.5Fin,189950
5,1039,1039,RL,AllPub,Sawyer,Attchd,1Story,131500
6,1040,1097,RL,AllPub,SawyerW,Attchd,1Story,152000
5,1148,1148,RL,AllPub,NAmes,Attchd,1Story,132500
7,1372,1372,FV,AllPub,Somerst,Attchd,1Story,250580
5,1002,1002,RL,AllPub,NAmes,Detchd,1Story,148500
8,1638,1646,RL,AllPub,Timber,Attchd,1Story,248900
4,1040,1120,RL,AllPub,Sawyer,Attchd,1Story,129000
5,0,2320,RL,AllPub,Gilbert,Attchd,2Story,169000
7,1050,1949,RL,AllPub,SawyerW,Attchd,2Story,236000
5,894,894,RL,AllPub,NAmes,Detchd,1Story,109500
6,804,1682,RL,AllPub,CollgCr,Attchd,2Story,200500
5,105,910,RL,AllPub,NAmes,Attchd,1Story,116000
5,832,1268,RL,AllPub,NAmes,Attchd,1Story,133000
5,676,1131,RM,AllPub,OldTown,Detchd,1.5Fin,66500
8,1184,2610,FV,AllPub,Somerst,BuiltIn,2Story,303477
4,1064,1040,RL,AllPub,Mitchel,Attchd,1Story,132250
9,1462,2224,RL,AllPub,NridgHt,Attchd,2Story,350000
5,1109,1155,RL,AllPub,Sawyer,Detchd,SFoyer,148000
5,864,864,RL,AllPub,CollgCr,Attchd,1Story,136500
5,1090,1090,RL,AllPub,Edwards,Attchd,1Story,157000
7,1156,1717,RL,AllPub,Timber,Attchd,1.5Fin,187500
6,808,1593,RL,AllPub,Gilbert,BuiltIn,2Story,178000
4,795,2230,RL,AllPub,SWISU,Detchd,2.5Fin,118500
5,892,892,RL,AllPub,NAmes,Attchd,1Story,100000
9,1698,1709,FV,AllPub,Somerst,Attchd,1Story,328900
5,1626,1712,RL,AllPub,NAmes,Attchd,1Story,145000
5,816,1393,RL,AllPub,Edwards,Attchd,1.5Fin,135500
8,2217,2217,RL,AllPub,NAmes,Attchd,1Story,268000
6,1505,1505,RL,AllPub,NAmes,Attchd,1Story,149500
5,672,924,RL,AllPub,NAmes,Detchd,1.5Fin,122900
6,918,1683,RL,AllPub,Sawyer,Attchd,2Story,172500
6,1059,1068,RL,AllPub,Sawyer,Attchd,1Story,154500
5,1383,1383,RL,AllPub,Sawyer,Attchd,1Story,165000
5,0,1535,RL,AllPub,SawyerW,Attchd,1Story,118858
6,780,1796,RL,AllPub,NAmes,Attchd,2Story,140000
4,951,951,RM,AllPub,IDOTRR,Detchd,1Story,106500
5,0,2240,RL,AllPub,SawyerW,Detchd,2Story,142953
9,2330,2364,RL,AllPub,NridgHt,Attchd,1Story,611657
5,912,1236,RL,AllPub,Sawyer,Attchd,1Story,135000
4,858,858,RL,AllPub,NAmes,Detchd,1Story,110000
5,992,1306,RL,AllPub,NAmes,Detchd,1Story,153000
7,783,1509,RL,AllPub,Gilbert,Attchd,2Story,180000
7,1670,1670,RL,AllPub,Gilbert,Attchd,1Story,240000
5,876,902,RL,AllPub,Sawyer,Attchd,1Story,125500
5,1056,1063,RL,AllPub,NAmes,Attchd,1Story,128000
8,1623,1636,RL,AllPub,Somerst,Attchd,1Story,255000
7,1017,2057,RL,AllPub,Crawfor,Attchd,1.5Fin,250000
5,864,902,RL,AllPub,Mitchel,Attchd,1Story,131000
6,742,1484,RL,AllPub,Gilbert,Attchd,2Story,174000
5,1105,2274,RL,AllPub,NAmes,Detchd,2Story,154300
5,1268,1268,RL,AllPub,CollgCr,Detchd,1Story,143500
5,768,1015,RM,AllPub,BrkSide,Detchd,1Story,88000
5,1001,2002,RH,AllPub,Crawfor,2Types,2Story,145000
6,612,1224,FV,AllPub,Somerst,Detchd,2Story,173733
4,546,1092,RM,AllPub,MeadowV,Attchd,2Story,75000
2,480,480,C (all),AllPub,IDOTRR,Detchd,1Story,35311
4,1134,1229,RL,AllPub,Edwards,Attchd,1Story,135000
7,1104,2127,RL,AllPub,SawyerW,Attchd,2Story,238000
6,1184,1414,RL,AllPub,NAmes,Attchd,1Story,176500
6,928,1721,RL,AllPub,SawyerW,Attchd,2Story,201000
5,1272,2200,RL,AllPub,Edwards,NA,1.5Fin,145900
6,1316,1316,RL,AllPub,Gilbert,Attchd,1Story,169990
6,1604,1617,RL,AllPub,SawyerW,Attchd,1Story,193000
6,1686,1686,RL,AllPub,NWAmes,Attchd,1Story,207500
5,1126,1126,RL,AllPub,NWAmes,Attchd,1Story,175000
8,1181,2374,RL,AllPub,NridgHt,BuiltIn,2Story,285000
7,832,1978,RL,AllPub,NWAmes,Attchd,2Story,176000
8,1753,1788,RL,AllPub,CollgCr,Attchd,1Story,236500
7,964,2236,RL,AllPub,Gilbert,BuiltIn,2Story,222000
8,1466,1466,RL,AllPub,Timber,Attchd,1Story,201000
5,925,925,RL,AllPub,NAmes,Detchd,1Story,117500
9,1905,1905,RL,AllPub,Somerst,Attchd,1Story,320000
7,1500,1500,RL,AllPub,CollgCr,Attchd,1Story,190000
7,585,2069,RL,AllPub,NAmes,Attchd,1Story,242000
4,600,747,RL,AllPub,BrkSide,Detchd,1Story,79900
7,1176,1200,RL,AllPub,SawyerW,Attchd,1Story,184900
7,1113,1971,RL,AllPub,Somerst,Attchd,2Story,253000
7,1391,1962,RL,AllPub,CollgCr,Attchd,2Story,239799
7,1032,2403,RL,AllPub,ClearCr,Attchd,2Story,244400
6,1728,1728,RL,AllPub,Mitchel,Attchd,1Story,150900
7,992,2060,RL,AllPub,Gilbert,BuiltIn,2Story,214000
4,1440,1440,RL,AllPub,Edwards,NA,1Story,150000
5,1632,1632,RL,AllPub,Mitchel,Attchd,1Story,143000
6,819,1344,RL,NoSeWa,Timber,Basment,SLvl,137500
5,1088,1869,RM,AllPub,OldTown,Detchd,1.5Fin,124900
5,1144,1144,RL,AllPub,NAmes,Attchd,SLvl,143000
8,1616,1629,RL,AllPub,Timber,Attchd,1Story,270000
7,936,1776,RL,AllPub,CollgCr,Attchd,2Story,192500
6,1161,1381,RL,AllPub,NWAmes,Attchd,1Story,197500
5,864,864,RL,AllPub,NAmes,Detchd,1Story,129000
5,828,965,RH,AllPub,SawyerW,Detchd,1Story,119900
5,768,768,RL,AllPub,CollgCr,Detchd,SFoyer,133900
5,784,1968,RL,AllPub,Mitchel,Attchd,2Story,172000
6,945,980,RL,AllPub,Edwards,NA,SFoyer,127500
6,979,1958,RH,AllPub,Crawfor,Attchd,2Story,145000
6,561,1229,RM,AllPub,Blueste,Attchd,2Story,124000
5,1057,1057,RL,AllPub,Sawyer,Detchd,1Story,132000
7,1337,1337,RL,AllPub,CollgCr,Attchd,1Story,185000
7,696,1416,FV,AllPub,Somerst,Detchd,2Story,155000
5,858,858,RL,AllPub,BrkSide,NA,1Story,116500
6,1330,2872,RL,AllPub,NWAmes,Attchd,2Story,272000
6,804,1548,RL,AllPub,NPkVill,Detchd,2Story,155000
9,1800,1800,RL,AllPub,CollgCr,Attchd,1Story,239000
7,817,1894,RL,AllPub,Timber,BuiltIn,2Story,214900
6,783,1484,RL,AllPub,Gilbert,Attchd,2Story,178900
5,728,1308,RL,AllPub,Crawfor,Detchd,1.5Fin,160000
5,1098,1098,RL,AllPub,NAmes,Attchd,1Story,135000
3,600,968,RM,AllPub,OldTown,NA,1.5Fin,37900
6,588,1095,RL,AllPub,NAmes,Attchd,SLvl,140000
4,720,1192,RL,AllPub,NAmes,NA,1.5Fin,135000
7,764,1626,RL,AllPub,NridgHt,BuiltIn,2Story,173000
6,918,918,RL,AllPub,SawyerW,Attchd,1Story,99500
7,1428,1428,FV,AllPub,Somerst,Attchd,1Story,182000
7,728,2019,RL,AllPub,BrkSide,Detchd,2Story,167500
7,673,1382,FV,AllPub,Somerst,Detchd,2Story,165000
4,440,869,RL,AllPub,BrkSide,NA,1Story,85500
7,1241,1241,FV,AllPub,Somerst,Attchd,1Story,199900
4,894,894,RL,AllPub,Edwards,Detchd,1Story,110000
5,1121,1121,RL,AllPub,Sawyer,Detchd,1Story,139000
7,944,999,RL,AllPub,NAmes,Attchd,SFoyer,178400
8,1225,2612,RL,AllPub,NoRidge,Attchd,2Story,336000
7,1266,1266,RL,AllPub,Blmngtn,Attchd,1Story,159895
8,1128,2290,RL,AllPub,CollgCr,Attchd,2Story,255900
5,0,1734,RL,AllPub,Mitchel,Attchd,1.5Fin,126000
5,1164,1164,RL,AllPub,Edwards,Detchd,1Story,125000
6,485,1635,RM,AllPub,OldTown,Attchd,1.5Fin,117000
9,1930,1940,RL,AllPub,NridgHt,Attchd,1Story,395192
6,848,2030,RL,AllPub,NWAmes,Attchd,2Story,195000
7,770,1576,FV,AllPub,Somerst,Attchd,2Story,197000
8,1396,2392,RL,AllPub,NoRidge,Attchd,2Story,348000
8,916,1742,RM,AllPub,OldTown,Attchd,2Story,168000
6,822,1851,RL,AllPub,NAmes,Attchd,2Story,187000
6,750,1500,RL,AllPub,CollgCr,Attchd,2Story,173900
10,1700,1718,RL,AllPub,NridgHt,Attchd,1Story,337500
4,747,1230,RL,AllPub,BrkSide,Detchd,1.5Fin,121600
5,1050,1050,RL,AllPub,NAmes,Attchd,1Story,136500
6,1442,1442,RL,AllPub,NWAmes,Attchd,1Story,185000
3,1007,1077,RM,AllPub,IDOTRR,Detchd,1Story,91000
7,1187,1208,RL,AllPub,CollgCr,Attchd,1Story,206000
3,0,944,RL,AllPub,Edwards,Detchd,1Story,82000
5,691,691,RL,AllPub,OldTown,Detchd,1Story,86000
8,1574,1574,RL,AllPub,Somerst,Attchd,1Story,232000
5,1680,1680,RL,AllPub,NWAmes,Detchd,1Story,136905
7,1346,1504,RL,AllPub,Blmngtn,Attchd,1Story,181000
5,985,985,RL,AllPub,CollgCr,Attchd,SLvl,149900
6,1657,1657,RL,AllPub,NAmes,Attchd,1Story,163500
4,546,1092,RM,AllPub,MeadowV,Attchd,2Story,88000
7,1710,1710,RL,AllPub,Mitchel,Attchd,1Story,240000
5,1008,1522,RL,AllPub,SWISU,NA,1.5Fin,102000
5,720,1271,RL,AllPub,Sawyer,Attchd,1.5Fin,135000
5,0,1664,RL,AllPub,Edwards,NA,1Story,100000
6,602,1502,RL,AllPub,Crawfor,Detchd,2Story,165000
5,1022,1022,RM,AllPub,OldTown,Detchd,1Story,85000
6,1082,1082,RL,AllPub,NAmes,Detchd,1Story,119200
8,810,1665,RL,AllPub,NWAmes,Attchd,2Story,227000
7,1504,1504,RL,AllPub,CollgCr,Attchd,1Story,203000
8,1220,1360,RL,AllPub,StoneBr,Attchd,1Story,187500
7,384,1472,RL,AllPub,Gilbert,Attchd,SLvl,160000
7,1362,1506,RL,AllPub,Blmngtn,Attchd,1Story,213490
4,1132,1132,RL,AllPub,Edwards,Attchd,1Story,176000
7,1199,1220,RL,AllPub,CollgCr,Attchd,1Story,194000
5,912,1248,RM,AllPub,OldTown,Detchd,1.5Fin,87000
7,1346,1504,RL,AllPub,Blmngtn,Attchd,1Story,191000
8,1565,2898,RL,AllPub,Timber,Attchd,1Story,287000
5,882,882,RL,AllPub,CollgCr,Detchd,1Story,112500
5,1268,1264,RL,AllPub,NAmes,Attchd,1Story,167500
8,1638,1646,RL,AllPub,Timber,Attchd,1Story,293077
5,768,1376,RL,AllPub,NAmes,Attchd,1.5Fin,105000
6,672,1218,RM,AllPub,BrDale,Detchd,2Story,118000
5,686,1928,RH,AllPub,SWISU,NA,2Story,160000
7,824,3082,RL,AllPub,SWISU,Basment,2.5Fin,197000
8,1338,2520,RL,AllPub,NoRidge,Attchd,2Story,310000
7,1654,1654,RL,AllPub,CollgCr,Attchd,1Story,230000
5,920,954,RL,AllPub,Crawfor,Basment,1Story,119750
4,0,845,RL,AllPub,Edwards,Detchd,1Story,84000
9,1620,1620,RL,AllPub,Timber,Attchd,1Story,315500
8,1055,2263,RL,AllPub,CollgCr,BuiltIn,2Story,287000
4,546,1344,RM,AllPub,MeadowV,NA,2Story,97000
4,630,630,RM,AllPub,MeadowV,Attchd,SFoyer,80000
5,1134,1803,RL,AllPub,Sawyer,Attchd,1Story,155000
6,800,1632,RL,AllPub,NWAmes,Attchd,2Story,173000
6,1306,1306,RL,AllPub,NridgHt,Attchd,1Story,196000
7,1475,2329,RL,AllPub,SawyerW,Attchd,2Story,262280
8,2524,2524,RL,AllPub,NWAmes,Attchd,1Story,278000
3,0,1733,RL,AllPub,Edwards,Attchd,1Story,139600
9,1992,2868,RL,AllPub,StoneBr,BuiltIn,2Story,556581
5,990,990,RL,AllPub,CollgCr,Detchd,1Story,145000
5,0,1771,RL,AllPub,Mitchel,Attchd,1Story,115000
4,0,930,RL,AllPub,Edwards,Detchd,1Story,84900
7,1302,1302,RL,AllPub,Gilbert,Attchd,1Story,176485
7,1316,1316,RL,AllPub,CollgCr,Attchd,1Story,200141
6,816,1977,RL,AllPub,NAmes,Attchd,2Story,165000
5,1216,1526,RL,AllPub,Edwards,Basment,1Story,144500
8,1065,1989,RL,AllPub,CollgCr,Attchd,2Story,255000
6,1193,1523,RL,AllPub,NWAmes,Attchd,1Story,180000
7,1364,1364,RL,AllPub,NridgHt,Attchd,1Story,185850
7,973,1850,RL,AllPub,NoRidge,BuiltIn,2Story,248000
9,1104,2184,RL,AllPub,NridgHt,Attchd,2Story,335000
6,854,1991,RL,AllPub,Crawfor,Detchd,1.5Fin,220000
8,1338,1338,RL,AllPub,StoneBr,Attchd,1Story,213500
3,894,894,C (all),AllPub,IDOTRR,Detchd,1Story,81000
5,662,2337,RM,AllPub,OldTown,Detchd,2Story,90000
6,1103,1103,RM,AllPub,OldTown,Detchd,1Story,110500
5,1154,1154,RL,AllPub,NAmes,Attchd,1Story,154000
7,1306,2260,RL,AllPub,ClearCr,Attchd,2Story,328000
6,799,1571,RL,AllPub,Gilbert,Attchd,2Story,178000
6,780,1611,RL,AllPub,NAmes,Attchd,2Story,167900
6,942,2521,RM,AllPub,MeadowV,Attchd,2Story,151400
5,845,893,RL,AllPub,NAmes,Detchd,1.5Unf,135000
5,1048,1048,RL,AllPub,NAmes,Attchd,1Story,135000
6,727,1556,RL,AllPub,NWAmes,Attchd,2Story,154000
5,810,1456,RL,AllPub,Edwards,Detchd,1.5Fin,91500
6,690,1426,RL,AllPub,Edwards,Attchd,2Story,159500
7,1240,1240,RL,AllPub,CollgCr,Attchd,1Story,194000
7,800,1740,RL,AllPub,Crawfor,Attchd,2Story,219500
5,796,1466,RL,AllPub,OldTown,Attchd,1.5Fin,170000
5,1096,1096,RL,AllPub,NAmes,Attchd,1Story,138800
6,848,848,RM,AllPub,CollgCr,Attchd,1Story,155900
5,990,990,RL,AllPub,CollgCr,Attchd,1Story,126000
6,1258,1258,RL,AllPub,NWAmes,Attchd,1Story,145000
5,1040,1040,RL,AllPub,Sawyer,Attchd,1Story,133000
7,1459,1459,RL,AllPub,CollgCr,Attchd,1Story,192000
6,1251,1251,RL,AllPub,NAmes,Attchd,1Story,160000
6,691,1498,RL,AllPub,Gilbert,Attchd,2Story,187500
6,936,996,RL,AllPub,SawyerW,Attchd,SFoyer,147000
4,546,1092,RM,AllPub,MeadowV,Attchd,2Story,83500
8,1082,1953,FV,AllPub,Somerst,Attchd,2Story,252000
7,970,1709,RM,AllPub,Edwards,Detchd,2Story,137500
8,1247,1247,FV,AllPub,Somerst,Attchd,1Story,197000
3,0,1040,RL,AllPub,NAmes,Detchd,1Story,92900
7,600,1252,FV,AllPub,Somerst,Detchd,2Story,160000
6,1181,1694,RL,AllPub,SWISU,Detchd,1.5Fin,136500
5,864,1200,RL,AllPub,NAmes,Detchd,1Story,146000
5,936,936,RL,AllPub,NAmes,Attchd,1Story,129000
6,1314,1314,RL,AllPub,CollgCr,Attchd,1Story,176432
6,684,1355,RM,AllPub,IDOTRR,NA,2Story,127000
8,1074,1088,RL,AllPub,StoneBr,Attchd,1Story,170000
4,672,1324,RM,AllPub,BrkSide,Detchd,1.5Fin,128000
7,1271,1601,RL,AllPub,NWAmes,Attchd,1Story,157000
2,290,438,RL,AllPub,SWISU,Detchd,1Story,60000
5,950,950,RL,AllPub,NAmes,Detchd,1Story,119500
5,1010,1134,RL,AllPub,NAmes,Attchd,1Story,135000
6,655,1194,RL,AllPub,NAmes,BuiltIn,1Story,159500
5,630,1302,RM,AllPub,BrDale,Detchd,2Story,106000
8,1463,2622,RL,AllPub,NoRidge,Attchd,2Story,325000
7,910,1442,RL,AllPub,SawyerW,Attchd,1Story,179900
7,868,2021,RL,AllPub,Gilbert,BuiltIn,2Story,274725
6,924,1690,RL,AllPub,Gilbert,Attchd,2Story,181000
8,1836,1836,RL,AllPub,NridgHt,Attchd,1Story,280000
6,773,1658,RL,AllPub,Gilbert,Attchd,2Story,188000
7,803,1964,RL,AllPub,NWAmes,Attchd,2Story,205000
5,816,816,RL,AllPub,NAmes,Detchd,1Story,129900
5,1008,1008,RL,AllPub,NAmes,Attchd,1Story,134500
5,833,833,RL,AllPub,OldTown,Detchd,1Story,117000
8,1734,1734,RL,AllPub,NridgHt,Attchd,1Story,318000
8,408,1419,RL,AllPub,Gilbert,BuiltIn,SLvl,184100
5,894,894,RL,AllPub,Sawyer,Attchd,1Story,130000
5,533,1601,RL,AllPub,Sawyer,BuiltIn,SLvl,140000
5,1040,1040,RL,AllPub,NAmes,Attchd,1Story,133700
6,1012,1012,RM,AllPub,IDOTRR,Detchd,1Story,118400
7,1552,1552,RL,AllPub,CollgCr,Attchd,1Story,212900
4,672,960,RL,AllPub,Edwards,Basment,1Story,112000
5,698,698,RL,AllPub,Edwards,NA,1Story,118000
7,384,1482,RL,AllPub,Gilbert,Attchd,SLvl,163900
4,1005,1005,RL,AllPub,NAmes,Detchd,1Story,115000
7,1373,1555,RL,AllPub,Blmngtn,Attchd,1Story,174000
7,1530,1530,RL,AllPub,Gilbert,Attchd,1Story,259000
7,847,1959,RL,AllPub,Gilbert,BuiltIn,2Story,215000
5,936,936,RM,AllPub,OldTown,Detchd,SFoyer,140000
4,1122,1981,RL,AllPub,SWISU,Detchd,1.5Fin,135000
5,974,974,RL,AllPub,Mitchel,NA,1Story,93500
6,1008,2210,RM,AllPub,OldTown,Detchd,2Story,117500
8,1128,2020,RL,AllPub,SawyerW,Attchd,2Story,239500
6,916,1600,RL,AllPub,Gilbert,Attchd,2Story,169000
6,960,986,RM,AllPub,BrkSide,Detchd,1Story,102000
6,1032,1252,RL,AllPub,NAmes,Attchd,1.5Fin,119000
5,780,1020,RL,AllPub,Sawyer,NA,1.5Fin,94000
6,1567,1567,RL,AllPub,Mitchel,Attchd,1Story,196000
5,915,1167,RL,AllPub,BrkSide,Detchd,1Story,144000
5,952,952,RL,AllPub,NAmes,Detchd,1Story,139000
5,780,1868,RL,AllPub,NWAmes,Attchd,2Story,197500
8,1466,2828,RL,AllPub,CollgCr,BuiltIn,2Story,424870
5,1006,1006,RL,AllPub,Sawyer,NA,1Story,80000
4,672,924,RL,AllPub,Edwards,Detchd,1.5Fin,80000
5,1042,1576,RM,AllPub,BrkSide,Detchd,1.5Fin,149000
6,1298,1298,RL,AllPub,SawyerW,Attchd,1Story,180000
7,704,1564,RL,AllPub,Crawfor,Attchd,2Story,174500
7,572,1111,RM,AllPub,OldTown,Detchd,1.5Fin,116900
7,650,1482,RM,AllPub,OldTown,Detchd,2Story,143000
6,932,932,RL,AllPub,NAmes,Attchd,1Story,124000
5,1466,1466,RL,AllPub,Edwards,Attchd,1Story,149900
6,1073,1811,RL,AllPub,Crawfor,Attchd,1Story,230000
6,816,816,RM,AllPub,IDOTRR,Detchd,1Story,120500
7,864,1820,RL,AllPub,NAmes,Attchd,2Story,201800
5,1437,1437,RL,AllPub,Veenker,Attchd,1Story,218000
5,1219,1265,RL,AllPub,NAmes,Attchd,SLvl,179900
7,1314,1314,RL,AllPub,NridgHt,Attchd,1Story,230000
8,1580,1580,RL,AllPub,Somerst,Attchd,1Story,235128
6,901,1876,RL,AllPub,NWAmes,Attchd,2Story,185000
6,855,1456,RL,AllPub,NPkVill,Attchd,2Story,146000
6,1296,1640,RL,AllPub,Crawfor,Detchd,1Story,224000
5,894,894,RL,AllPub,Sawyer,Attchd,1Story,129000
4,1198,1258,RL,AllPub,Sawyer,CarPort,SFoyer,108959
5,1360,1432,RL,AllPub,Veenker,Attchd,SLvl,194000
7,1502,1502,RL,AllPub,NridgHt,Attchd,1Story,233170
8,1694,1694,RL,AllPub,CollgCr,Attchd,1Story,245350
6,959,1671,RL,AllPub,Gilbert,Attchd,2Story,173000
6,1127,2108,RL,AllPub,Edwards,Basment,2Story,235000
10,1930,3627,RL,AllPub,NoRidge,Attchd,2Story,625000
6,1096,1118,RL,AllPub,Mitchel,Attchd,SLvl,171000
6,1261,1261,RL,AllPub,NAmes,Attchd,1Story,163000
7,625,1250,FV,AllPub,Somerst,Detchd,2Story,171900
5,1598,3086,RL,AllPub,ClearCr,NA,1.5Fin,200500
6,952,2345,RL,AllPub,Crawfor,Detchd,2Story,239000
8,1683,2872,RL,AllPub,NoRidge,Attchd,1.5Fin,285000
5,876,923,RL,AllPub,Mitchel,Attchd,1Story,119500
6,818,1224,RM,AllPub,OldTown,Detchd,1.5Fin,115000
5,731,1343,RL,AllPub,Crawfor,Detchd,1.5Fin,154900
5,0,1124,RL,AllPub,Edwards,NA,1Story,93000
7,1216,2514,RL,AllPub,Timber,Attchd,2Story,250000
8,1600,1652,RM,AllPub,Crawfor,Attchd,1Story,392500
10,2396,4476,RL,AllPub,NoRidge,Attchd,2Story,745000
5,1120,1130,RL,AllPub,OldTown,Detchd,1Story,120000
5,1572,1572,RL,AllPub,Timber,2Types,1Story,186700
5,784,1221,RL,AllPub,Edwards,Attchd,1.5Fin,104900
3,978,1699,RL,AllPub,OldTown,CarPort,2Story,95000
8,1624,1624,RL,AllPub,NoRidge,Attchd,1Story,262000
7,831,1660,RL,AllPub,CollgCr,Attchd,2Story,195000
7,994,1804,RL,AllPub,Gilbert,Attchd,2Story,189000
4,1249,1622,RL,AllPub,Mitchel,2Types,1Story,168000
8,776,1441,FV,AllPub,Somerst,Detchd,2Story,174000
5,702,1472,RM,AllPub,OldTown,Detchd,1.5Fin,125000
6,1224,1224,RM,AllPub,Mitchel,Attchd,1Story,165000
6,663,1352,RL,AllPub,Sawyer,Attchd,2Story,158000
6,728,1456,RL,AllPub,Gilbert,Attchd,2Story,176000
7,879,1863,RL,AllPub,Gilbert,BuiltIn,2Story,219210
7,815,1690,RM,AllPub,OldTown,Detchd,2.5Unf,144000
7,1212,1212,RL,AllPub,CollgCr,Attchd,1Story,178000
4,1051,1382,RL,AllPub,Sawyer,Attchd,1Story,148000
4,864,864,RL,AllPub,NAmes,Attchd,1Story,116050
7,866,1779,RL,AllPub,CollgCr,Attchd,2Story,197900
5,884,1348,RM,AllPub,BrkSide,Detchd,1.5Fin,117000
7,1630,1630,RL,AllPub,CollgCr,Attchd,1Story,213000
5,1056,1074,RL,AllPub,NWAmes,Attchd,1Story,153500
7,2158,2196,RL,AllPub,SawyerW,Attchd,1Story,271900
4,1056,1056,RH,AllPub,SawyerW,Detchd,1Story,107000
6,1682,1700,RL,AllPub,CollgCr,Attchd,1Story,200000
5,931,1283,RL,AllPub,NAmes,Detchd,1Story,140000
8,1660,1660,RL,AllPub,Somerst,Attchd,1Story,290000
6,1055,1845,RL,AllPub,SawyerW,Attchd,2Story,189000
8,559,1752,RL,AllPub,Gilbert,Basment,1.5Fin,164000
4,672,672,RL,AllPub,Edwards,Attchd,1Story,113000
4,648,960,RL,AllPub,Sawyer,Attchd,SLvl,145000
5,925,999,RL,AllPub,NAmes,Attchd,SFoyer,134500
5,894,894,RL,AllPub,Sawyer,Detchd,1Story,125000
6,0,1902,RM,AllPub,Sawyer,Attchd,1.5Fin,112000
8,1300,1314,FV,AllPub,Somerst,Attchd,1Story,229456
4,0,912,RM,AllPub,BrkSide,NA,1.5Fin,80500
6,672,1218,RM,AllPub,BrDale,NA,2Story,91500
5,912,912,RL,AllPub,NAmes,Attchd,1Story,115000
5,952,1211,RL,AllPub,Sawyer,Attchd,1Story,134000
6,1040,1846,RL,AllPub,NAmes,Attchd,1.5Fin,143000
5,2136,2136,RL,AllPub,NAmes,Detchd,1Story,137900
7,788,1490,RL,AllPub,Gilbert,Attchd,2Story,184000
6,588,1138,RL,AllPub,NAmes,Attchd,SLvl,145000
6,894,1933,RL,AllPub,Somerst,BuiltIn,2Story,214000
5,912,912,RL,AllPub,NAmes,Detchd,1Story,147000
9,1702,1702,RL,AllPub,NridgHt,Attchd,1Story,367294
5,1075,1507,RL,AllPub,NAmes,Basment,SLvl,127000
5,1361,2620,RL,AllPub,Sawyer,BuiltIn,1.5Fin,190000
5,1106,1190,RL,AllPub,NAmes,Attchd,SLvl,132500
4,0,1224,RL,AllPub,NAmes,CarPort,1Story,101800
5,1188,1188,RL,AllPub,NAmes,Attchd,1Story,142000
5,940,1964,RH,AllPub,SWISU,NA,2Story,130000
5,747,1784,RL,AllPub,Crawfor,Detchd,2Story,138887
7,764,1626,RL,AllPub,NridgHt,BuiltIn,2Story,175500
7,847,1948,RL,AllPub,CollgCr,BuiltIn,2Story,195000
6,1141,1141,RL,AllPub,SawyerW,Detchd,1Story,142500
8,1476,1484,RL,AllPub,Timber,Attchd,1Story,265900
7,884,1768,RL,AllPub,CollgCr,Attchd,2Story,224900
7,1689,1689,RL,AllPub,Somerst,Attchd,1Story,248328
7,1053,1173,RL,AllPub,NWAmes,Attchd,SFoyer,170000
10,2076,2076,RL,AllPub,NridgHt,Attchd,1Story,465000
8,792,1517,RL,AllPub,Crawfor,Detchd,2Story,230000
6,585,1868,RL,AllPub,NWAmes,BuiltIn,SLvl,178000
7,756,1553,FV,AllPub,Somerst,Attchd,2Story,186500
6,1012,1034,RL,AllPub,Mitchel,Attchd,SLvl,169900
6,735,2058,RM,AllPub,OldTown,Detchd,2.5Unf,129500
5,876,988,RL,AllPub,NAmes,Attchd,1Story,119000
7,2110,2110,RL,AllPub,NAmes,Attchd,1Story,244000
7,1405,1405,RL,AllPub,NridgHt,Attchd,1Story,171750
5,864,874,RL,AllPub,Mitchel,Attchd,1Story,130000
7,1192,2167,RL,AllPub,Veenker,Attchd,2Story,294000
7,746,1656,RL,AllPub,Edwards,BuiltIn,2Story,165400
6,884,1367,RM,AllPub,BrkSide,Detchd,1.5Fin,127500
8,1986,1987,RL,AllPub,NoRidge,Attchd,1Story,301500
5,864,864,RL,AllPub,Edwards,NA,1Story,99900
7,856,1166,RL,AllPub,Gilbert,Attchd,SLvl,190000
6,1054,1054,RL,AllPub,NAmes,Attchd,1Story,151000
6,841,1675,RL,AllPub,Gilbert,BuiltIn,2Story,181000
5,1050,1050,RL,AllPub,NAmes,Attchd,1Story,128900
4,1104,1788,RL,AllPub,ClearCr,Attchd,1.5Fin,161500
6,764,1824,RL,AllPub,BrkSide,Detchd,2Story,180500
6,1405,1337,RH,AllPub,NAmes,Attchd,1Story,181000
7,691,1452,FV,AllPub,Somerst,Detchd,2Story,183900
7,925,1889,RM,AllPub,OldTown,Detchd,2.5Unf,122000
9,2002,2018,RL,AllPub,Timber,Attchd,1Story,378500
8,728,3447,RL,AllPub,Crawfor,BuiltIn,1.5Fin,381000
5,874,1524,RL,AllPub,NAmes,Attchd,1.5Fin,144000
7,1332,1524,RL,AllPub,ClearCr,Attchd,1Story,260000
6,1489,1489,RL,AllPub,NWAmes,Attchd,1Story,185750
5,935,935,RL,AllPub,Sawyer,Attchd,1Story,137000
6,1019,1357,RL,AllPub,Edwards,Basment,SLvl,177000
5,661,1250,RL,AllPub,Crawfor,Detchd,1.5Fin,139000
5,928,1920,RL,AllPub,NAmes,Detchd,2Story,137000
6,723,1395,RL,AllPub,NWAmes,Attchd,2Story,162000
6,1680,1724,RL,AllPub,NWAmes,Attchd,SLvl,197900
8,1128,2031,RL,AllPub,CollgCr,Attchd,2Story,237000
4,698,1128,C (all),AllPub,IDOTRR,Detchd,1.5Fin,68400
7,1573,1573,RL,AllPub,CollgCr,Attchd,1Story,227000
7,1309,1339,RL,AllPub,Timber,Attchd,1Story,180000
5,1040,1040,RL,AllPub,CollgCr,Detchd,1Story,150500
6,912,1824,RL,AllPub,Mitchel,NA,2Story,139000
6,804,2447,RL,AllPub,SWISU,Detchd,1.5Fin,169000
6,780,1412,RM,AllPub,BrkSide,Detchd,1.5Fin,132500
6,1328,1328,RL,AllPub,NWAmes,Attchd,1Story,143000
5,1624,1582,RL,AllPub,ClearCr,Attchd,1Story,190000
8,1501,1659,RL,AllPub,StoneBr,Attchd,1Story,278000
8,1085,1970,RL,AllPub,NridgHt,BuiltIn,2Story,281000
5,1152,1152,RL,AllPub,NAmes,Attchd,SLvl,180500
5,630,1302,RM,AllPub,BrDale,Detchd,2Story,119500
5,994,2372,RM,AllPub,OldTown,Attchd,2Story,107500
7,832,1664,RL,AllPub,NWAmes,Attchd,2Story,162900
5,864,864,RL,AllPub,Edwards,Detchd,1Story,115000
5,1052,1052,RL,AllPub,NAmes,Attchd,1Story,138500
5,1120,1128,RL,AllPub,NAmes,Attchd,1Story,155000
6,547,1072,RM,AllPub,Edwards,Basment,SFoyer,140000
10,6110,5642,RL,AllPub,Edwards,Attchd,2Story,160000
5,1246,1246,RL,AllPub,NAmes,Attchd,1Story,154000
7,978,1983,RL,AllPub,Gilbert,Attchd,2Story,225000
6,771,1494,RL,AllPub,Crawfor,Attchd,2Story,177500
8,1165,2526,RL,AllPub,NoRidge,Attchd,2Story,290000
7,1616,1616,RL,AllPub,Somerst,Attchd,1Story,232000
7,976,1708,RM,AllPub,Edwards,Detchd,2Story,130000
9,1652,1652,RL,AllPub,NridgHt,Attchd,1Story,325000
7,1368,1368,RL,AllPub,NridgHt,Attchd,1Story,202500
5,990,990,RL,AllPub,CollgCr,Detchd,1Story,138000
5,924,1122,RM,AllPub,OldTown,Attchd,1Story,147000
6,1278,1294,RL,AllPub,SawyerW,Attchd,1Story,179200
7,1902,1902,RL,AllPub,Crawfor,Attchd,1Story,335000
7,1274,1274,RL,AllPub,CollgCr,Attchd,1Story,203000
8,1453,2810,RL,AllPub,NoRidge,Attchd,2Story,302000
9,1393,2599,RL,AllPub,NoRidge,BuiltIn,2Story,333168
4,948,948,RL,AllPub,Edwards,Detchd,1Story,119000
6,952,2112,RL,AllPub,NAmes,Attchd,2Story,206900
8,1622,1630,RL,AllPub,CollgCr,Attchd,1Story,295493
7,1352,1352,FV,AllPub,Somerst,Attchd,1Story,208900
8,1753,1787,RL,AllPub,CollgCr,Attchd,1Story,275000
4,864,948,RL,AllPub,Edwards,Attchd,1Story,111000
6,1478,1478,RL,AllPub,NAmes,Attchd,1Story,156500
3,0,720,RL,AllPub,BrkSide,Detchd,1Story,72500
7,750,1923,RL,AllPub,NoRidge,Attchd,2Story,190000
4,420,708,RL,AllPub,BrkSide,NA,1Story,82500
8,1795,1795,RL,AllPub,Somerst,Attchd,1Story,147000
4,796,796,RM,AllPub,IDOTRR,NA,1Story,55000
3,544,774,RH,AllPub,Edwards,NA,1Story,79000
5,816,816,RL,AllPub,Mitchel,Attchd,1Story,130500
6,1510,2792,RM,AllPub,OldTown,Detchd,1.5Fin,256000
7,935,1632,RL,AllPub,Gilbert,Attchd,2Story,176500
8,1588,1588,RL,AllPub,Somerst,Attchd,1Story,227000
5,911,954,RL,AllPub,CollgCr,Detchd,SLvl,132500
4,816,816,RL,AllPub,Edwards,Detchd,1Story,100000
5,803,1360,RM,AllPub,IDOTRR,Detchd,1.5Fin,125500
5,765,1365,RM,AllPub,BrDale,Attchd,2Story,125000
6,1350,1334,RL,AllPub,NWAmes,Attchd,1Story,167900
5,1656,1656,RL,AllPub,NWAmes,Detchd,1Story,135000
4,693,693,RM,AllPub,OldTown,NA,1Story,52500
7,916,1861,RL,AllPub,CollgCr,BuiltIn,2Story,200000
5,864,864,RL,AllPub,CollgCr,Attchd,1Story,128500
4,858,872,RL,AllPub,NAmes,Detchd,1Story,123000
6,1114,1114,RL,AllPub,SawyerW,Detchd,1Story,155000
8,1284,2169,RL,AllPub,CollgCr,Attchd,2Story,228500
6,896,1913,RL,AllPub,Crawfor,Detchd,1.5Fin,177000
7,728,1456,RL,AllPub,CollgCr,Attchd,2Story,155835
4,960,960,RM,AllPub,OldTown,Detchd,1Story,108500
7,1568,2156,RL,AllPub,NWAmes,Attchd,1Story,262500
8,1732,1776,RL,AllPub,Timber,Attchd,1Story,283463
7,1482,1494,RL,AllPub,SawyerW,Attchd,1Story,215000
8,684,2358,RM,AllPub,OldTown,NA,2Story,122000
5,1248,2634,RL,AllPub,NAmes,Detchd,2Story,200000
6,858,1716,RL,AllPub,NAmes,Attchd,2Story,171000
6,698,1176,RM,AllPub,BrkSide,Detchd,1.5Fin,134900
8,2033,3238,RL,AllPub,NoRidge,Attchd,1.5Fin,410000
7,992,1865,RL,AllPub,CollgCr,Attchd,2Story,235000
7,570,1920,RL,AllPub,NWAmes,Attchd,SLvl,170000
5,864,892,RL,AllPub,NAmes,Attchd,1Story,110000
5,1078,1078,RL,AllPub,NAmes,Attchd,1Story,149900
6,756,1573,FV,AllPub,Somerst,Detchd,2Story,177500
9,1980,1980,RL,AllPub,NridgHt,Attchd,1Story,315000
5,612,2601,RL,AllPub,SWISU,BuiltIn,2Story,189000
7,1530,1530,RL,AllPub,StoneBr,Attchd,1Story,260000
4,715,1738,RL,AllPub,NAmes,Attchd,1.5Fin,104900
6,616,1412,RL,AllPub,Gilbert,BuiltIn,2Story,156932
7,600,1200,FV,AllPub,Somerst,Detchd,2Story,144152
7,814,1674,FV,AllPub,Somerst,Attchd,2Story,216000
7,873,1790,RL,AllPub,CollgCr,Attchd,2Story,193000
5,757,1475,RM,AllPub,MeadowV,Attchd,2Story,127000
6,848,848,RM,AllPub,CollgCr,Attchd,1Story,144000
8,1657,1668,RL,AllPub,CollgCr,Attchd,1Story,232000
4,840,1374,RL,AllPub,OldTown,Detchd,1.5Fin,105000
6,992,1661,RL,AllPub,NAmes,BuiltIn,SLvl,165500
7,1108,2097,RL,AllPub,CollgCr,Detchd,2Story,274300
10,2633,2633,RL,AllPub,NoRidge,Attchd,1Story,466500
7,1026,1958,FV,AllPub,Somerst,Attchd,2Story,250000
8,1571,1571,RL,AllPub,Timber,Attchd,1Story,239000
6,768,790,RL,AllPub,SWISU,Detchd,1Story,91000
5,984,1604,RL,AllPub,Edwards,Detchd,1.5Fin,117000
6,483,987,RM,AllPub,BrDale,Detchd,2Story,83000
5,384,1394,RL,AllPub,Timber,BuiltIn,SLvl,167500
3,864,864,RL,AllPub,Edwards,Detchd,1Story,58500
6,1205,2117,RL,AllPub,NAmes,Attchd,1Story,237500
7,596,1762,RM,AllPub,OldTown,Detchd,2Story,157000
5,816,1416,RL,AllPub,Sawyer,Attchd,1Story,112000
6,560,1258,RL,AllPub,Edwards,Detchd,1.5Fin,105000
4,796,1154,RM,AllPub,IDOTRR,Detchd,1.5Fin,125500
7,1392,2784,RL,AllPub,NWAmes,Attchd,2Story,250000
6,714,2526,RM,AllPub,OldTown,Detchd,1.5Fin,136000
9,1746,1746,RL,AllPub,Gilbert,Attchd,1Story,377500
6,735,1218,RM,AllPub,BrkSide,Detchd,1.5Fin,131000
7,1525,1525,RL,AllPub,CollgCr,Attchd,1Story,235000
5,1584,1584,RL,AllPub,NAmes,Detchd,1Story,124000
5,864,900,RL,AllPub,NAmes,Attchd,SFoyer,123000
6,482,1912,RM,AllPub,OldTown,Detchd,1.5Fin,163000
7,1356,1500,RL,AllPub,Blmngtn,Attchd,1Story,246578
8,1094,2482,RL,AllPub,Timber,BuiltIn,2Story,281213
5,747,1687,RL,AllPub,Timber,Detchd,1Story,160000
5,939,1513,RM,AllPub,BrkSide,Detchd,2Story,137500
5,1208,1904,RL,AllPub,NAmes,Attchd,1.5Fin,138000
6,976,1608,RL,AllPub,SWISU,Detchd,1.5Fin,137450
6,862,1158,RM,AllPub,BrkSide,BuiltIn,1.5Fin,120000
6,839,1593,RL,AllPub,Gilbert,Attchd,2Story,193000
7,1286,1294,RL,AllPub,CollgCr,Attchd,1Story,193879
8,1485,1464,RL,AllPub,Somerst,Attchd,1Story,282922
3,672,1214,RL,AllPub,OldTown,Detchd,1.5Fin,105000
8,1594,1646,RM,AllPub,Crawfor,Attchd,1Story,275000
5,768,768,RL,AllPub,CollgCr,Detchd,SFoyer,133000
5,833,833,RL,AllPub,Mitchel,NA,1Story,112000
4,622,1363,RM,AllPub,OldTown,Detchd,2Story,125500
7,791,2093,RL,AllPub,NWAmes,Attchd,2Story,215000
7,944,1840,RL,AllPub,CollgCr,Attchd,2Story,230000
6,856,1668,RL,AllPub,NAmes,Attchd,1.5Fin,140000
4,0,1040,RL,AllPub,NAmes,Detchd,1Story,90000
8,1844,1844,RL,AllPub,SawyerW,Attchd,1Story,257000
6,833,1848,RL,AllPub,BrkSide,Detchd,1.5Fin,207000
7,1386,1569,RL,AllPub,Blmngtn,Attchd,1Story,175900
4,777,2290,RM,AllPub,OldTown,Detchd,2Story,122500
8,1284,2450,RL,AllPub,NoRidge,Attchd,2Story,340000
5,1144,1144,RL,AllPub,NAmes,Detchd,1Story,124000
6,1844,1844,RL,AllPub,Crawfor,Attchd,1Story,223000
6,708,1416,RL,AllPub,NWAmes,Attchd,2Story,179900
6,1069,1069,RL,AllPub,NPkVill,Attchd,1Story,127500
6,848,848,RM,AllPub,CollgCr,Attchd,1Story,136500
6,697,2201,RL,AllPub,Edwards,Attchd,SLvl,274970
5,1024,1344,RL,AllPub,NAmes,Detchd,1Story,144000
6,1252,1252,RL,AllPub,NAmes,Detchd,1Story,142000
7,1223,2127,RL,AllPub,NoRidge,Attchd,2Story,271000
5,913,1558,RL,AllPub,NAmes,Attchd,1.5Fin,140000
5,788,804,RM,AllPub,OldTown,Attchd,1Story,119000
6,1440,1440,RL,AllPub,NWAmes,Attchd,1Story,182900
5,732,1838,RL,AllPub,Gilbert,BuiltIn,2Story,192140
6,958,958,RL,AllPub,NPkVill,Attchd,1Story,143750
4,656,968,RL,AllPub,OldTown,Detchd,1Story,64500
6,936,1792,RL,AllPub,Gilbert,Attchd,2Story,186500
5,1126,1126,RL,AllPub,Mitchel,Attchd,1Story,160000
6,1319,1537,RL,AllPub,NAmes,Attchd,1Story,174000
4,864,864,RL,AllPub,NAmes,Detchd,1Story,120500
8,1932,1932,RL,AllPub,NridgHt,Attchd,1Story,394617
6,912,1236,RM,AllPub,OldTown,Attchd,1Story,149700
7,539,1725,RL,AllPub,NWAmes,Attchd,SLvl,197000
6,588,2555,RL,AllPub,Crawfor,Detchd,2.5Fin,191000
6,848,848,RM,AllPub,CollgCr,Attchd,1Story,149300
10,1017,2007,FV,AllPub,Somerst,Attchd,2Story,310000
6,952,952,RL,AllPub,BrkSide,Detchd,1.5Unf,121000
7,1422,1422,RL,AllPub,CollgCr,Attchd,1Story,179600
6,814,913,RL,AllPub,Sawyer,Detchd,SFoyer,129000
5,1188,1188,RL,AllPub,Mitchel,Attchd,1Story,157900
8,1220,2090,RL,AllPub,CollgCr,Attchd,2Story,240000
4,560,1346,RL,AllPub,Edwards,Detchd,2Story,112000
5,630,630,RM,AllPub,MeadowV,NA,SFoyer,92000
5,896,1792,RL,AllPub,NAmes,NA,2Story,136000
8,1573,1578,RL,AllPub,Somerst,Attchd,1Story,287090
5,547,1072,RM,AllPub,Edwards,Basment,SLvl,145000
5,1140,1140,RL,AllPub,Mitchel,NA,1Story,84500
7,1221,1221,FV,AllPub,Somerst,Attchd,1Story,185000
6,953,1647,RL,AllPub,Gilbert,Attchd,2Story,175000
6,1542,2073,RL,AllPub,NWAmes,Attchd,1Story,210000
7,1152,2340,RL,AllPub,Crawfor,Attchd,2Story,266500
5,1078,1078,RL,AllPub,NAmes,Attchd,1Story,142125
5,1256,1256,RL,AllPub,Edwards,Attchd,1Story,147500
